beta,gamma,rho,distance,s_peak_height,s_auc,s_growth_rate,s_time_to_peak,n_draws_attempted
0.20473136087594726,0.10601220001832094,0.4816755304460494,0.4588207274757958,0.607,8.547999999999998,0.3417246376122782,9.0,10000
0.2522130419762876,0.10184638224372049,0.5354678101929735,0.3437796082057457,0.6239999999999999,9.091999999999999,0.3519769685648782,8.4,10000
0.24165686882172122,0.09664709351266541,0.4114969525083095,0.5462015238172354,0.693,9.934000000000001,0.3555807548382325,6.8,10000
0.25101414128425437,0.07182831002650675,0.5271858773988124,0.5609931937074151,0.736,12.777999999999999,0.37231377674957367,7.0,10000
0.17280345453563473,0.11255872819329309,0.40344258723936205,0.6063010541965111,0.554,7.8199999999999985,0.3501548724968123,9.0,10000
0.1825688561923909,0.09830089020517489,0.2913423584872889,0.3348232100789783,0.625,8.999,0.3833341408432745,8.0,10000
0.13768412613936096,0.10651173722771963,0.10062001833082848,0.4575063271167691,0.615,8.341999999999999,0.40225165238527544,8.0,10000
0.20998595787349322,0.09575325766697994,0.5111350178927253,0.2201238407271884,0.665,9.755999999999998,0.3586854086484821,8.6,10000
0.20352696147204782,0.08363673780559674,0.2841982566659782,0.4961528979073825,0.678,11.102999999999998,0.40256329218850817,7.0,10000
0.1266408358812737,0.07364590034944532,0.17523530229308693,0.3802132088220086,0.6759999999999999,13.306999999999999,0.41183231436568046,9.0,10000
0.19130802419309276,0.10939218572540052,0.26635991139359955,0.40452817069943997,0.634,8.177999999999999,0.37960592102606483,7.8,10000
0.24162033448746034,0.10873369933189114,0.41284156449545134,0.5736018139924653,0.65,8.191999999999998,0.36745700897110173,6.8,10000
0.1270169981932511,0.06263615087401345,0.2746639540559607,0.5674564578834734,0.671,14.794,0.34159223368476266,10.2,10000
0.2281505850152935,0.10044384664455423,0.5043501720035451,0.5526452792458445,0.607,8.587,0.3256160320811512,8.6,10000
0.2705097521494481,0.09717927613993707,0.67026371774883,0.4993213951313772,0.6439999999999999,8.969999999999999,0.3246500864350005,8.8,10000
0.17820610962515437,0.1267713787514596,0.18326457186679584,0.5719244445214909,0.5900000000000001,7.225999999999999,0.37505137347794737,7.6,10000
0.13670447403628566,0.08173667496457955,0.19876779773359507,0.08910735361089159,0.6519999999999999,11.6,0.3819350257343751,9.0,10000
0.22812422918584588,0.10984315279638804,0.3317504415138892,0.5774786324877123,0.625,7.746,0.383945879436917,7.0,10000
0.2586814531699761,0.08801716499088569,0.4603181186133246,0.561303645963761,0.665,9.513999999999998,0.3840069318309372,6.6,10000
0.1494173764079101,0.09142344302113237,0.3731031753098358,0.25889137610427004,0.625,9.993999999999998,0.36768646864124965,9.4,10000
0.16441343467621797,0.08267347464045194,0.10589490395456913,0.5832898572678588,0.647,11.463,0.4265419359137975,7.2,10000
0.18246853699287688,0.07992378314935669,0.40200737116099367,0.24657149981264204,0.639,11.673999999999998,0.3482656738703992,8.8,10000
0.3557675107315265,0.07042060135077821,0.7903779687336321,0.5095798125848652,0.728,12.678999999999997,0.3327472312443605,8.2,10000
0.16468125995266364,0.08502467397317015,0.44915651498275483,0.3034725750825613,0.6459999999999999,11.166999999999998,0.3457947616127385,9.4,10000
0.1646964770649001,0.07392530879531332,0.36153821037942446,0.24421506952268868,0.675,12.380999999999998,0.35426280906274965,9.2,10000
0.14727907735662102,0.11102793574801066,0.24350648209566528,0.5926269641236235,0.5509999999999999,7.586000000000001,0.3697562705854454,9.0,10000
0.18837211157557726,0.077178303107286,0.5284486832609037,0.5786220852741273,0.661,11.974999999999998,0.31536438193691,9.8,10000
0.13738684012120825,0.10092201806452417,0.19592065355583685,0.5518188436934718,0.557,8.538999999999998,0.3513216248773701,8.8,10000
0.1736678809571574,0.08393409057564631,0.21781005272928466,0.4389674824541979,0.6859999999999999,10.748,0.4048321876395473,7.4,10000
0.1567228728582575,0.11838464183683016,0.2109946711235777,0.4813267984803403,0.623,7.601999999999999,0.39136789478501927,7.8,10000
0.17960970935798204,0.10508161412869764,0.24899837498545035,0.494951343731131,0.6359999999999999,8.345,0.3837017023250857,7.2,10000
0.1491384539958682,0.0762777189110469,0.22389593954551668,0.2452248348770286,0.6759999999999999,12.695999999999998,0.39540352569601683,8.4,10000
0.3051620850523798,0.08458061405229841,0.6730228208287685,0.3729292310241769,0.6669999999999999,10.551999999999998,0.3344783168717134,8.4,10000
0.27759860284961,0.07491276107224426,0.684084806412666,0.39264152189542195,0.728,12.333999999999998,0.37597775290789176,7.8,10000
0.13724013149429704,0.09398318637385811,0.30656567579415656,0.48218338767329855,0.5810000000000001,8.899999999999999,0.34809321622093387,9.2,10000
0.1564611300297849,0.08601903630642481,0.27092639769204124,0.17172510024457463,0.639,10.76,0.39137531045922713,8.8,10000
0.1655074291133912,0.06304999803256495,0.2972418141665418,0.41050550804283353,0.709,14.601999999999999,0.39211210385025075,8.8,10000
0.256136982559002,0.06577608544356221,0.6128994521799012,0.55953980159932,0.754,13.740999999999996,0.3635826312333096,7.6,10000
0.10566426330916807,0.07899298346803588,0.07544627153656168,0.39944829642349283,0.628,11.841999999999999,0.39048535651219984,10.2,10000
0.12606480812806864,0.07838617229238772,0.23819804742364764,0.17190200520792534,0.6599999999999999,12.395999999999999,0.3855268575231712,9.2,10000
0.15581339372973438,0.11096920591504209,0.15222552461691896,0.5663367705562662,0.585,8.044,0.38671674927917216,7.4,10000
0.18366213838005632,0.08584458084085803,0.12326730878087977,0.5986723003145232,0.7,10.828999999999997,0.4004248317776768,6.6,10000
0.1531679332122141,0.08013398877303506,0.3402679579402259,0.45279053382256595,0.608,10.799999999999997,0.3400350228443658,9.8,10000
0.2628062533923298,0.08324616257965888,0.5656208069688075,0.37912217824892597,0.725,11.572,0.3667601489988582,7.8,10000
0.14874616383890527,0.06535764093728871,0.3542112313416979,0.330645905743465,0.717,13.432999999999998,0.3729390825758771,9.0,10000
0.23177886269922687,0.09302197443540972,0.5300411770869523,0.5633235082351611,0.6759999999999999,9.989999999999998,0.33036754004740737,7.2,10000
0.17683880624230908,0.07985311483773731,0.3650781857384522,0.047085278674512364,0.649,11.105999999999998,0.37592698932818636,8.8,10000
0.2786829362155863,0.08317368151771529,0.5365118334640774,0.3873648379474887,0.6970000000000001,10.623999999999999,0.3655115040975716,7.4,10000
0.16025879365645096,0.10074418896296809,0.3579647254494018,0.2865081947694002,0.6180000000000001,9.190999999999999,0.36606478793113995,8.6,10000
0.12581982010011827,0.0609055920390243,0.22378937656534134,0.5160918394137057,0.711,15.616,0.37195528607742095,9.6,10000
0.11900144922067891,0.07110574221721934,0.22728785166863139,0.4890001930277285,0.682,13.623,0.402633085600623,10.2,10000
0.24604101182797553,0.06632298185128535,0.5972203212811266,0.5814488221210761,0.7470000000000001,13.996999999999996,0.3353102820762761,8.4,10000
0.2089929002426967,0.11215897102952645,0.4067143525101775,0.5077621215520071,0.6,7.904999999999999,0.38169710871547846,7.6,10000
0.1387880486444657,0.07033903120680501,0.27035976336574724,0.38841479605254664,0.6479999999999999,12.981,0.35419874031021903,10.0,10000
0.09178933094014728,0.07572416816341065,0.07798349109060237,0.41653248568336665,0.657,12.471999999999998,0.37880948562519146,10.4,10000
0.15128974622163288,0.06573879319425666,0.2434691654104018,0.28830554628620764,0.6990000000000001,13.233999999999998,0.3910725620164401,8.8,10000
0.24063090838699863,0.08158342890905693,0.3750969093745501,0.514674704521765,0.6990000000000001,10.737999999999996,0.3814220068683679,6.8,10000
0.12229370298302977,0.09861426964774885,0.030039839596214438,0.3651899612253537,0.594,9.032,0.3816844028470038,9.0,10000
0.189331151558853,0.11311067432164904,0.35008683829166565,0.4142100148393764,0.644,7.919,0.3969436185455959,8.2,10000
0.20419282634946018,0.06735688977323744,0.606967062022786,0.5385584813658069,0.666,14.577999999999998,0.3303447036539512,9.6,10000
0.17840346719990163,0.10826712611080369,0.190741133276277,0.5490164711327912,0.592,8.081999999999999,0.3871405497004483,7.4,10000
0.18137199325193823,0.07258010995647743,0.46704789527465823,0.3609245994245537,0.6880000000000001,13.465999999999998,0.36575143949805533,9.8,10000
0.2514057354099962,0.09400878103871156,0.5123551049448593,0.5559434281234594,0.6739999999999999,9.243999999999998,0.353824828383327,6.8,10000
0.2322287267481506,0.11923829251581729,0.44627699664081666,0.5684136877859448,0.6140000000000001,7.5329999999999995,0.36786591353454434,7.2,10000
0.3163141398229589,0.09185379718844969,0.6256692622277324,0.608045121132811,0.6819999999999999,9.267999999999999,0.35177263941415815,6.6,10000
0.08972725297791609,0.06459694150954237,0.038099597811942235,0.5144661643143893,0.669,14.37,0.39008247218262915,10.4,10000
0.18168010527884884,0.0733498602877878,0.505877103924507,0.5341081354602797,0.677,12.401999999999997,0.3179608342135044,9.4,10000
0.1415951071318305,0.08725452977967948,0.07810196284495002,0.4630466451146513,0.659,10.443,0.4165834086609742,7.6,10000
0.15048761176194894,0.10286308290210562,0.21826595368759316,0.37796856185060446,0.599,8.621,0.3744436532784328,8.4,10000
0.25976983777086743,0.11380336847608086,0.5414540122896419,0.5282933883380128,0.6210000000000001,7.615,0.3632683082515986,7.4,10000
0.21632108876650982,0.1045510773889765,0.2676121393757991,0.5935898862437091,0.658,8.598,0.38184893873850434,6.6,10000
0.21556276305339792,0.11176514835133378,0.44838847608129034,0.6019249340627851,0.625,7.7490000000000006,0.33701711665507067,7.4,10000
0.1842388406064279,0.06360781678482706,0.37877760553063483,0.5701938444152195,0.736,14.078999999999999,0.404557541830633,7.6,10000
0.1779696709418828,0.06847712061355517,0.50680182831901,0.4735457423561264,0.6759999999999999,13.153,0.33093917371052284,9.6,10000
0.22816307917752576,0.11541259357974815,0.584691523282348,0.5411677721206424,0.5850000000000001,7.976999999999999,0.34863804034233004,8.0,10000
0.2770413939334981,0.07619124629613284,0.6082229914112307,0.5319587268388274,0.748,12.385,0.3615114115713999,7.4,10000
0.14697945791846573,0.09025490496485256,0.11184227947743129,0.511627594651071,0.654,10.451999999999998,0.4236859124705144,7.6,10000
0.14274714916155407,0.09737631320565138,0.2901077247627596,0.5337188505409812,0.593,9.59,0.3412840483943994,10.0,10000
0.13777729549938283,0.09025459326881483,0.2922961118994469,0.44670400109081454,0.633,10.133999999999999,0.36246827646190766,10.4,10000
0.263532337909647,0.10271052274868112,0.5255425225013347,0.34550276001989316,0.647,8.603,0.35326375817951017,8.4,10000
0.2522885991747312,0.08511718270975344,0.5073405013600388,0.4300718513755388,0.697,10.284999999999998,0.3709123829446765,7.2,10000
0.13642225344213565,0.06762349035529651,0.32563076743654185,0.5309091670785129,0.6599999999999999,13.544999999999996,0.35357799995790284,10.6,10000
0.15097856423768857,0.10519032946987973,0.08895610940354591,0.5296748587766446,0.6399999999999999,8.905,0.4247820475927382,8.0,10000
0.24095791817898984,0.08262895551056708,0.5644072173718313,0.3663893834550048,0.714,11.221,0.358395590529539,7.8,10000
0.18631982052555462,0.10338682447836037,0.4411522551400233,0.39916082902807626,0.612,8.633999999999999,0.3547205557884147,8.2,10000
0.295472889871137,0.078021664406465,0.6508956803143915,0.5313097031764731,0.751,12.587,0.3437135460545598,8.0,10000
0.28309702662515707,0.09714764651199506,0.5976215901278567,0.5573277347739837,0.7,9.255999999999998,0.36518589360234294,6.8,10000
0.15891155308833804,0.09116267139257361,0.2786350962739647,0.3560238597512272,0.6279999999999999,9.584999999999999,0.37946611503599026,7.6,10000
0.12633075815492015,0.09350884135127831,0.02967234589938679,0.6032332510890636,0.624,9.617999999999999,0.440040629793694,8.6,10000
0.16577878247471653,0.08782589751461704,0.2241103426041824,0.355607840935158,0.662,10.029999999999998,0.3748081117052712,7.4,10000
0.21208327904121094,0.07807529968774103,0.3546958114926785,0.5574843435685538,0.7250000000000001,11.61,0.3739790099095272,6.8,10000
0.21931242997025435,0.08216989213252215,0.3682525633567493,0.49126866425834514,0.6819999999999999,10.739999999999998,0.37361904826778386,6.8,10000
0.22162648649166428,0.11109877063316703,0.3726405393293455,0.5193967616275973,0.623,8.16,0.36630699196195937,7.2,10000
0.129699634584789,0.09829777846457474,0.14308417815485885,0.47233355131538335,0.6100000000000001,9.041,0.40137771108746323,7.6,10000
0.19384921019840087,0.09367592510099557,0.43730767498190454,0.4418198628965631,0.6079999999999999,9.860999999999999,0.33791189109721287,9.4,10000
0.2386679762028283,0.06935351789691262,0.4441985334819345,0.6042627163657218,0.7420000000000001,14.466,0.37217883033090143,7.2,10000
0.2131943425958652,0.10627768017473492,0.27195929445934947,0.5769675280192325,0.639,8.152,0.37842792378998447,6.8,10000
0.2501403008434559,0.08309395259801007,0.5109184143037905,0.5266293935791078,0.733,11.213999999999997,0.35553758905558824,7.2,10000
0.1314746802835032,0.08622849774152157,0.26944793113423654,0.29101661059411665,0.6279999999999999,11.441999999999998,0.3508576844307858,9.4,10000
0.1416143394762327,0.10719771279446583,0.24633730920637859,0.5633468356879681,0.558,8.288,0.37018448672386145,9.6,10000
0.2457385185863559,0.11380804693083978,0.44246461139067855,0.5527546454307588,0.642,7.864999999999999,0.3723004933648205,7.0,10000
0.08913443786944573,0.08682492698825502,0.0017961521031637064,0.5280486291479544,0.587,10.566999999999998,0.3917702826689974,10.4,10000
0.20298935600965248,0.07104246486820068,0.3703725980590111,0.4874164712314563,0.72,13.350999999999999,0.39183274206261076,7.4,10000
0.17852457122725188,0.08771698736824576,0.10938684534402787,0.5826943130859441,0.67,10.458999999999998,0.3773410164367898,6.4,10000
0.11063997006380397,0.0748229963508226,0.02650893236116545,0.41696064086543,0.6519999999999999,12.251,0.41208829153177734,9.8,10000
0.24013454942118864,0.10648261089670055,0.4977756376700434,0.5578977144577331,0.65,8.816999999999998,0.3377408551394517,7.2,10000
0.2011128843499142,0.11909736493401127,0.27585272544740713,0.5987429718669628,0.595,7.497,0.3747399714174075,7.2,10000
0.17024028783126768,0.1036128415402675,0.07352881667376235,0.5111250497724892,0.6679999999999999,9.043,0.39335259655166577,7.0,10000
0.192350384020774,0.078289877076374,0.2712589476060903,0.5634423403421677,0.722,11.706999999999999,0.4030393079643925,7.0,10000
0.1622851318279657,0.1031917705121816,0.33467432050859874,0.3262934962411497,0.627,9.778999999999998,0.34854430641804063,9.2,10000
0.35760513670734495,0.09241513526646568,0.7934510240919366,0.5642275080851102,0.71,10.067999999999998,0.3371473663242087,7.2,10000
0.2852540949482432,0.08257152011410536,0.6015628803597344,0.4009735822527046,0.694,10.764,0.3572977453967325,7.4,10000
0.21627653689583362,0.09855319681184212,0.3553827879832245,0.4828166589462033,0.671,9.729999999999999,0.35827008315586256,7.0,10000
0.1302504371535218,0.1050835665739909,0.10308498262480273,0.5283804173918669,0.5730000000000001,8.403,0.40419172990225016,8.6,10000
0.13310924106211663,0.06581144860989417,0.27278282521511904,0.5246439070447323,0.7230000000000001,14.689999999999998,0.40531416401193077,9.4,10000
0.20819805569583733,0.09081201522406107,0.31972755159448146,0.5436028340054179,0.6839999999999999,9.853999999999997,0.39655235626435575,6.8,10000
0.20113662716063568,0.10178649303117948,0.45911665797216633,0.5315079192161748,0.591,9.014,0.3307611637982885,8.6,10000
0.32401817000966227,0.09722225035145388,0.6348084292334945,0.545780753491325,0.691,9.362999999999998,0.3626747385641492,6.8,10000
0.2729565615222463,0.07916440719849158,0.6859034272951469,0.49845427131443804,0.719,11.704999999999998,0.3288888870049246,8.2,10000
0.3091461542933578,0.11864342604887117,0.624280181085973,0.5918320120462057,0.6529999999999999,7.890000000000001,0.3403763631560085,7.2,10000
0.20467382822564423,0.08199187793755616,0.3009659609293202,0.6046533476827368,0.709,11.12,0.3987379976526443,6.6,10000
0.24713275973156565,0.09128479497099237,0.577835541185752,0.3065314866566519,0.664,10.419999999999998,0.34910709570751186,8.0,10000
0.20474309267298077,0.12381292801495523,0.4588653094402766,0.5301674832370991,0.5850000000000001,7.136000000000001,0.36685392829124125,8.4,10000
0.18367113209146677,0.0753447621922293,0.18441552967061822,0.5665115625727939,0.721,12.200999999999999,0.42182416048245386,7.6,10000
0.15890559774183777,0.09730544634269359,0.21670006596679361,0.256553438337728,0.6289999999999999,9.138,0.3694601681812684,8.8,10000
0.176646736769059,0.08686616063133547,0.3380117767332156,0.2687671801527653,0.6689999999999999,10.625,0.3870277275187609,7.8,10000
0.24307464366563372,0.07130686292991816,0.5458319196051373,0.45156597758065503,0.7209999999999999,13.603,0.36764924902450385,7.6,10000
0.12509315900548323,0.11380556527948192,0.1913439079687617,0.5059201525408157,0.5690000000000001,8.363,0.3580532527322597,9.0,10000
0.10417180341418271,0.07185163459667565,0.06669142821759354,0.41325513341115105,0.646,12.248,0.4056668777633635,10.0,10000
0.25354219050693616,0.08311589525086012,0.46765958545803477,0.5581841226732477,0.725,11.559,0.3714045893914658,6.8,10000
0.2428873905336735,0.0934004425160073,0.5219774940202336,0.501653497676637,0.667,9.355999999999998,0.35566235134836305,7.0,10000
0.1471604133004644,0.06733556434788583,0.17066126665484643,0.5290108243916402,0.725,13.663,0.4105681380092756,7.8,10000
0.18383985617886672,0.09467267459458838,0.20169773335185265,0.5625285463950599,0.672,9.411999999999997,0.3727589027332864,6.6,10000
0.2274154744485407,0.10739854116783301,0.4829064428714023,0.46806792190110996,0.611,8.231,0.34898929922449606,8.0,10000
0.16937766888860156,0.09634159839003814,0.1908738511119739,0.29354272046476926,0.6460000000000001,9.489999999999998,0.3897903789096478,8.0,10000
0.25814875563799516,0.07387077729102938,0.5640919914791754,0.4664456937285537,0.7420000000000001,12.780999999999999,0.3887097451702485,7.8,10000
0.17901212392787808,0.10928389498218441,0.3522526983067549,0.46394353549194933,0.6060000000000001,8.213999999999999,0.39759728582470216,8.0,10000
0.1819853063352232,0.08710935787887077,0.47460714709072427,0.2487509546634781,0.642,10.665999999999999,0.34894229099294916,8.6,10000
0.1539059740333895,0.11178740217603224,0.21053235230421202,0.5977154581566073,0.561,7.948000000000002,0.34627913926845455,9.2,10000
0.24882886181862607,0.09447409689939931,0.585233399730587,0.39684643725023444,0.6749999999999999,9.738999999999997,0.3400104404811667,8.0,10000
0.2847755420596931,0.08497927293928954,0.7091511770893235,0.5840338338241352,0.6799999999999999,10.904999999999998,0.3093694704818911,8.4,10000
0.18251640769565933,0.06151509603911494,0.5119322658161732,0.5271164962449977,0.724,15.381,0.35422949937497133,9.2,10000
0.23593230075349456,0.08852634445457941,0.38655275511446474,0.5711012740722986,0.696,10.241999999999999,0.36285176464272106,6.6,10000
0.20348107049426342,0.06482987750178482,0.504773841132844,0.4587901005272215,0.7300000000000001,14.257,0.38010698748416083,8.0,10000
0.1911068265897559,0.09160811173951974,0.28869577989584255,0.47346830676213175,0.671,9.621999999999996,0.38609879289021815,7.0,10000
0.20227615415544065,0.10832752421289088,0.33157422511250756,0.4200358350593533,0.603,8.404999999999998,0.3679865945013257,8.0,10000
0.20342122091308582,0.08999501247442274,0.17777351150206294,0.5385878836388525,0.6799999999999999,10.210999999999997,0.3988053533108122,6.8,10000
0.14893510092029394,0.06188787197749794,0.21180496573801488,0.4632528127686859,0.7160000000000001,14.341999999999995,0.3969357625565691,8.0,10000
0.19238850480234324,0.08667930239188348,0.2897750558590653,0.3216805774577815,0.679,10.320999999999998,0.4049412782169658,8.2,10000
0.1977257301910392,0.07936428212276161,0.32080399064646453,0.37641362540171774,0.693,11.510999999999997,0.38667997224999345,7.4,10000
0.1948614816067161,0.10626867107178976,0.32509823936794613,0.5549947550402717,0.622,8.321000000000002,0.3617851401502544,7.0,10000
0.10749121518690359,0.06758506239019318,0.045878329796549266,0.3942933226363438,0.6449999999999999,13.383999999999997,0.4124852087047942,9.2,10000
0.16196996134447486,0.09065375495215014,0.11633561249941327,0.40271091135105236,0.6599999999999999,9.91,0.4041962477445288,7.6,10000
0.14164169122048115,0.0655663489826883,0.19964937950366865,0.4198714126145807,0.718,14.315999999999999,0.386361049030596,8.2,10000
0.19300595384226318,0.10730780196753288,0.21781649942136544,0.5249159182746591,0.646,8.509,0.40144325178165935,7.2,10000
0.1951917762843056,0.084820471651648,0.5137684657507458,0.4293906017051963,0.6380000000000001,10.746999999999996,0.32855874451360984,9.2,10000
0.2611129292997618,0.09135931357435169,0.602902912302583,0.4112084535041045,0.6940000000000001,9.639,0.36587707838392636,7.4,10000
0.1550715507572642,0.07980910331514562,0.4228317931322078,0.5312312144831479,0.628,11.054999999999998,0.3377948289881826,10.4,10000
0.17657055012336886,0.08914964124100283,0.2094355162192433,0.528934084547552,0.6779999999999999,9.967999999999998,0.39413164847174126,6.8,10000
0.3248389176717287,0.07770568848804309,0.7234943249810032,0.5525818333036383,0.7270000000000001,11.460999999999999,0.34383539740095903,7.2,10000
0.16481973846366582,0.09316430534532215,0.3265499759862313,0.21026500936554426,0.623,10.120999999999999,0.3753177522176744,8.4,10000
0.20280947680471334,0.09202614612547233,0.22704536985472804,0.48905543041102106,0.675,10.684999999999997,0.3813368648485902,6.8,10000
0.16440586368420526,0.07467967803703075,0.17026727893572044,0.592751122998989,0.711,12.713,0.418472709326669,7.2,10000
0.2280984563906589,0.08904961753601864,0.6715249063624115,0.573990549375504,0.648,11.167999999999997,0.3113987964073912,9.4,10000
0.2704216642889688,0.07161473288346551,0.7106366133601303,0.5453930716515338,0.7100000000000001,13.039999999999997,0.3211803276033937,9.0,10000
0.11402761019103619,0.09605317158540715,0.16571687427812673,0.45084075609200197,0.584,9.466999999999997,0.36778539911034247,9.8,10000
0.2374365811271739,0.09527860591480726,0.5405672252930032,0.3723527867923781,0.6340000000000001,9.069999999999999,0.3573788566599113,7.8,10000
0.1662135885878226,0.09953971097327638,0.4602801792840463,0.4360956350644048,0.598,8.937999999999999,0.3457141416627295,9.0,10000
0.1346698057447077,0.0671027406700276,0.26294810274110453,0.3606344826684738,0.688,14.102999999999998,0.3758333282402154,9.6,10000
0.2806189640477775,0.0831807037321615,0.6555842676451312,0.4663819788191625,0.707,11.118999999999998,0.34609469670031023,7.4,10000
0.29609280542541383,0.07760269174823578,0.6353221418972625,0.4736592416666118,0.733,12.407999999999998,0.3549522187261769,7.6,10000
0.20363404339650368,0.09886886086547413,0.25838574684219157,0.5242152432046391,0.6920000000000001,9.128,0.3922577528130988,7.0,10000
0.2557789546204233,0.09531568230947009,0.5641760464949116,0.4437921978588652,0.666,9.129,0.3680101076627483,7.2,10000
0.23196913052695842,0.11205149412859373,0.4203986023427395,0.4321173372961606,0.625,7.938,0.3739634945774105,7.8,10000
0.32356061372384953,0.06772485418454548,0.6523573987689789,0.603055860777921,0.7500000000000001,13.933999999999997,0.35321210569042744,7.4,10000
0.3543126676494924,0.08633488639875932,0.693836151391174,0.4829804264381643,0.6900000000000001,10.404,0.34644730694347003,7.2,10000
0.23402927952165564,0.08877982166962935,0.5955973887424123,0.36835696350615044,0.6690000000000002,10.801999999999998,0.33460238410164356,8.4,10000
0.1999168102113755,0.10159741982103364,0.38194265239546454,0.4029930065964118,0.591,8.764,0.36116350803542485,8.6,10000
0.1510423494618843,0.0920675522009956,0.2943321594245467,0.2655938237713244,0.637,9.663999999999998,0.3943281608406498,8.4,10000
0.20398536056521108,0.09673252579024984,0.35472032914186924,0.4736736357853976,0.669,9.408999999999997,0.38078301421151395,7.0,10000
0.15313005125980228,0.07225753206128617,0.25477921760498295,0.42926765259729516,0.704,13.094999999999999,0.4135601328230294,8.4,10000
0.16200679016102804,0.06732436752756886,0.1388243756533301,0.5501564515525358,0.719,13.988999999999999,0.4100147771698741,7.6,10000
0.17921895348265485,0.09719330560655215,0.4615977194328661,0.5452332860947039,0.613,9.302,0.3223309226881773,9.2,10000
0.13813913057233718,0.10300834019237189,0.16574022898311888,0.456885814099015,0.621,8.627999999999998,0.41072273087131517,8.2,10000
0.14216652123892726,0.07498306984657246,0.2575859688790173,0.1933325132457735,0.671,11.871999999999998,0.3958202905995357,8.8,10000
0.19629753982675988,0.08921742910680226,0.4947444681877521,0.5909060652152831,0.626,10.107999999999997,0.3146164674755969,9.6,10000
0.20988708803348036,0.09011947528958131,0.4676759241562256,0.3007846994458026,0.6529999999999999,10.193999999999997,0.34716860864599014,8.2,10000
0.15337347098498752,0.08451167806243146,0.07374646226356862,0.5497530140991329,0.688,10.785999999999998,0.4025382358788979,6.8,10000
0.12532120970379082,0.07231492896828157,0.2663699910582495,0.4086361544258665,0.6799999999999999,13.229999999999999,0.3722073709125815,10.2,10000
0.11715472549472154,0.0728157493874053,0.09859944114416096,0.3551923034954814,0.671,13.052999999999997,0.40623175699743513,9.4,10000
0.2908433691136352,0.09462897732216947,0.586567277263194,0.3610152683588543,0.693,9.842999999999998,0.3550800899799499,7.8,10000
0.31977490688755267,0.09340599821942756,0.7161580717107386,0.5679238967778845,0.6859999999999999,9.303999999999998,0.32918790655915064,7.4,10000
0.12361490449411021,0.08704595408804006,0.08433734236970523,0.36948447566952636,0.651,10.563999999999997,0.41688850831303476,8.8,10000
0.15830585231738492,0.08278688807164868,0.08634209398880587,0.44922295507060966,0.6689999999999999,10.319999999999999,0.4080185169616436,7.4,10000
0.1522492643233309,0.07098608578550034,0.3389957022811461,0.12133566494222581,0.667,12.195999999999998,0.3817401916405519,9.0,10000
0.18770289369460105,0.07495942195772148,0.40123086351301185,0.3175369509776378,0.714,13.138,0.3861628764786756,9.0,10000
0.18750107706594854,0.1039117724871441,0.26671809298753607,0.5893968669786764,0.6529999999999999,8.645999999999999,0.3724608463650272,6.6,10000
0.3270602434480442,0.07665289172189646,0.7522658212679129,0.5679084490859131,0.75,12.023999999999997,0.3597071146952556,7.2,10000
0.14131864045498238,0.0819021509267732,0.2052712463359863,0.504727526623685,0.63,10.637999999999998,0.42309045737824136,9.8,10000
0.22867144835794093,0.10811014142909971,0.5563041092718792,0.4629437965570591,0.6239999999999999,8.591999999999999,0.34122840486866196,8.0,10000
0.15140072751991773,0.0809285817515721,0.16951652185138588,0.4532884840243714,0.695,11.084,0.4161693567340737,7.8,10000
0.09936326591579393,0.08230554356445852,0.09311674434275155,0.4833720535927406,0.574,10.877,0.3627881205365175,10.0,10000
0.09675409348933917,0.06353049842739647,0.036198054897910836,0.592394743445005,0.704,15.416999999999996,0.4102811816524815,9.8,10000
0.2735856812629159,0.11907532497994225,0.5163804161471394,0.6014989532746149,0.6289999999999999,7.302,0.366489163631112,7.0,10000
0.235828066023629,0.09028282876355764,0.46159198706734444,0.5963295793950474,0.7220000000000001,10.145999999999999,0.39773947817607197,6.8,10000
0.15175745721050687,0.08106609713928083,0.37484555586626506,0.37674145327241154,0.612,10.887999999999998,0.35299644978025235,9.8,10000
0.1304687918125947,0.10689958253341353,0.16636202251961774,0.46998052224443065,0.5800000000000001,8.15,0.3637333215523072,8.6,10000
0.1200862700289106,0.06537618274849064,0.09639201920702352,0.6017243876009503,0.697,14.421999999999997,0.4318809109044164,8.4,10000
0.1293394469483079,0.08125964740642468,0.006305855042745279,0.6028525233725545,0.6900000000000001,10.745999999999999,0.441007447068138,8.2,10000
0.15449117472253884,0.09540963618486759,0.21641912157103907,0.3078869471647257,0.643,9.669999999999998,0.3862717065948814,7.8,10000
0.12948623679304413,0.10582050989821719,0.21333857565894815,0.5124316566963393,0.568,8.779,0.35639640733418715,9.4,10000
0.1291457140941844,0.07539013075123396,0.10944997332976172,0.572171980478457,0.682,12.287,0.43085802775552284,7.6,10000
0.14702214340032535,0.07857609154497308,0.31451350834030234,0.27754462208422054,0.629,11.599,0.39130402118685564,9.6,10000
0.21299492979849896,0.06293383398466539,0.46028777473659077,0.44378132513104906,0.7259999999999999,14.416,0.38355725453912726,8.2,10000
0.22397250246459657,0.12268001532921165,0.4064475655599977,0.5929246632838003,0.595,7.464,0.35684311216076614,7.4,10000
0.11134227759379245,0.10349411434408672,0.02167537009451337,0.49139936018962577,0.573,8.608999999999998,0.395339607791402,8.4,10000
0.17611444920095196,0.08868882014847129,0.17160457351109734,0.5178542139889012,0.6950000000000001,10.643999999999998,0.3872321578440485,6.8,10000
0.249119885244205,0.11728482174156708,0.4958260231771579,0.4687684900195645,0.6369999999999999,7.708999999999999,0.3554281433095165,7.8,10000
0.32851556038700436,0.1042419528456027,0.6703088855644671,0.5082185358813098,0.651,8.245999999999999,0.34805492255713216,7.4,10000
0.1023983775755717,0.07775068103409079,0.10213882854881327,0.4039494078634323,0.6140000000000001,11.659999999999997,0.3821714520126151,10.2,10000
0.1938405698664096,0.10023902355617384,0.21149743764720805,0.5906834036034735,0.6479999999999999,8.836999999999998,0.38711281218383614,6.6,10000
0.24991543758031387,0.12944176932521298,0.43519348326876073,0.5825599135148014,0.5980000000000001,6.866,0.3715888718029527,7.6,10000
0.20833261799654015,0.1077402887718831,0.3774513882265715,0.5727706709192164,0.616,8.139,0.361458696090487,7.0,10000
0.2363562224673767,0.0787400514638202,0.5648005339689027,0.2349028634154779,0.692,11.503999999999998,0.3554331174929418,9.0,10000
0.17006333825491018,0.09770211693408301,0.10853415521371401,0.5641374871982138,0.679,9.026,0.39535865361238615,6.8,10000
0.2016520636456237,0.09169055181949114,0.42157221999794636,0.5350607436336455,0.658,10.166999999999998,0.3282612181951484,7.4,10000
0.1349615618085024,0.08223074866429211,0.020464408727617036,0.47453583439594677,0.664,11.002999999999998,0.4229451767223176,7.8,10000
0.11744463074979489,0.08645540233737548,0.13859294807990638,0.25729620298967365,0.615,10.466,0.37704946682080864,9.4,10000
0.2602222105442462,0.06494525348289812,0.6156326847035707,0.48451449452800754,0.735,13.555999999999997,0.3723733840584805,7.6,10000
0.17497153902717866,0.06406639733244825,0.40931759380021937,0.37121745998427214,0.7,14.174999999999997,0.39104119092127904,9.2,10000
0.17074456562431178,0.07727656702685219,0.33461379915630896,0.2814023803485157,0.691,11.923999999999998,0.3701039618786969,7.8,10000
0.188236740238943,0.08573276310196903,0.17083141189533216,0.5204029874950437,0.704,10.751999999999999,0.37854022804509246,6.8,10000
0.1439362633358661,0.06863336500646022,0.2863142040052403,0.3404358409272448,0.696,13.684999999999997,0.38858453467104004,9.4,10000
0.15568479653556416,0.09750117047993417,0.27458810686096635,0.45528991346426495,0.608,8.903,0.4011709723347402,7.8,10000
0.16830917057007005,0.07961691845606123,0.18237857908123065,0.5374420796629348,0.6759999999999999,11.005999999999997,0.4305241406922411,7.8,10000
0.2215883537425079,0.1066606222790555,0.5549172240330474,0.6082363599970836,0.613,8.540999999999999,0.3172870982950877,8.4,10000
0.17787578347458965,0.10200380352462292,0.2411221795978718,0.46354163934904535,0.634,9.114,0.4004042557356331,7.4,10000
0.17522990649643894,0.0851059251564751,0.3972381245962803,0.08017296609563183,0.664,11.428999999999998,0.3827393196650172,8.6,10000
0.11852085951064506,0.06607850420548336,0.19024663991641005,0.34557619086852465,0.645,13.687999999999999,0.3708847844433916,9.8,10000
0.253210263147905,0.11230636443724731,0.5934889180084919,0.604468996083113,0.6120000000000001,7.764,0.32753729859170544,8.0,10000
0.14452521722388567,0.07045911267360712,0.21221532271111032,0.47529548763202084,0.7350000000000001,13.443999999999999,0.40663799545517565,8.6,10000
0.23662560897384266,0.0734556112925377,0.6318588691622181,0.4627116239525457,0.7230000000000001,12.146999999999997,0.3393060086486767,8.0,10000
0.1948537265145829,0.07116530873011753,0.4140457465887133,0.5383555044678182,0.7590000000000001,13.705999999999998,0.3895009941227407,8.0,10000
0.15657130622340446,0.09624413671933231,0.04986652921901094,0.5993849424040303,0.683,9.519,0.4095574309670075,6.8,10000
0.15874258562284507,0.07841625847013563,0.34648606962226103,0.3362403246140333,0.648,11.869999999999996,0.3901953422456551,10.0,10000
0.17349592814847328,0.09763231039392822,0.03600165257276942,0.5460460449081636,0.649,8.912999999999998,0.41106586446575716,7.2,10000
0.17798859928123728,0.0723886255470851,0.3931203713611375,0.24049311601829337,0.6910000000000001,12.748,0.370740941205079,8.2,10000
0.12245649406511068,0.09307072252428229,0.06064215560648112,0.29236325166393523,0.645,10.463,0.40419462303582343,9.2,10000
0.22929230106051943,0.07049047285733537,0.5674008842744163,0.4752578065150538,0.726,13.732999999999999,0.34474103141927004,8.2,10000
0.22351233880250873,0.09305004433056217,0.4966107815647794,0.34317021927391095,0.669,9.956,0.342923925066602,8.2,10000
0.2286186326936515,0.0786780712478416,0.6835459657077654,0.5777560778457294,0.6859999999999999,12.475999999999997,0.3108796014560883,8.8,10000
0.17290457604963852,0.09566884992066073,0.3735496156268438,0.19653531415233144,0.6409999999999999,9.619,0.38081285771124407,8.6,10000
0.18832317480915092,0.11749357792855367,0.26238616537936166,0.5217699576110015,0.605,7.938999999999998,0.3766801019426264,7.4,10000
0.21485745513475815,0.09266250827983373,0.42559914431284124,0.5202166641022133,0.687,10.009999999999998,0.3869239482842215,6.8,10000
0.13939663514662856,0.10728484722695696,0.0772411382885526,0.5578811404614974,0.6219999999999999,8.525,0.4122175497401911,7.4,10000
0.11734180196655944,0.06057050467741556,0.10805119980062994,0.5991298308393709,0.724,15.188999999999998,0.41671915955387373,9.2,10000
0.1712227461445478,0.10348501717656457,0.22506993153959576,0.41168609196881395,0.6020000000000001,8.576999999999998,0.38294364465196,8.0,10000
0.3060328225092252,0.0848754897003661,0.6158185503736542,0.5879550671102334,0.736,11.267999999999999,0.3664950243174802,6.8,10000
0.23774153571825887,0.07961361446585423,0.47389395018758435,0.3700497423614821,0.696,11.714999999999998,0.37623980014842934,7.4,10000
0.19111005029227454,0.10337186824361645,0.44267942404097715,0.303986542828792,0.638,8.788999999999998,0.36900937707666204,8.2,10000
0.12366191603775996,0.08259942121098048,0.15902231468989056,0.24919155120560982,0.612,10.859999999999998,0.3918612298183691,8.6,10000
0.13874986214057003,0.07059440978241233,0.14788990773127467,0.43026716017508526,0.6970000000000001,13.712,0.41147565155096455,8.4,10000
0.269773762721159,0.0990033723252856,0.5519803497459356,0.5973202330732824,0.663,9.399,0.3509383541011761,6.6,10000
0.1085069648953073,0.08916060623405708,0.07756767652619541,0.3800175486954763,0.5970000000000001,9.812999999999999,0.39900184644829917,9.2,10000
0.16363079664613084,0.06523479743070837,0.46211302719127234,0.5533857012350987,0.71,13.738999999999999,0.35165866421500974,10.4,10000
0.10815559460761529,0.06095522889774474,0.0125300717562296,0.5998912161005021,0.6940000000000001,14.243,0.42235847128609494,10.0,10000
0.1460040194096245,0.11816790368214261,0.21223104314830155,0.5565301262963755,0.5619999999999999,7.535999999999999,0.374102187025647,8.6,10000
0.1460735970742348,0.0835145964609835,0.04313245132635482,0.5959735749702101,0.697,11.062999999999997,0.42922926847904164,7.4,10000
0.1218895085296167,0.10032250344447782,0.11834928507874826,0.4465440351651133,0.584,8.642,0.3944393705244491,8.6,10000
0.28328658147181945,0.061452532867789934,0.667511510269808,0.585723186330823,0.755,14.445999999999998,0.3733609106987591,7.6,10000
0.16431531270151573,0.07589460504981191,0.37715291736586454,0.39004255936797483,0.6679999999999999,12.633,0.3398978020173103,9.6,10000
0.13796446222835687,0.10414678550327615,0.09149941348266309,0.5491882011440737,0.593,8.437999999999999,0.37559234559521876,7.2,10000
0.1725261204735298,0.06369600867122271,0.40008576091234754,0.38851082732831005,0.712,14.016,0.3953909875313833,8.8,10000
0.1637665182735054,0.1165850663662237,0.22788407795273644,0.5800025664439213,0.584,7.894,0.4095910752354639,8.0,10000
0.24840499677981276,0.07138441670745532,0.5553859950847468,0.5860094603841188,0.751,13.092999999999998,0.3626633543219488,7.2,10000
0.11879973947900586,0.0799903602121343,0.24711414676950938,0.4553955143610576,0.657,11.439999999999998,0.35037095462074686,10.4,10000
0.2044159910711283,0.08986323337150316,0.36648999589630415,0.4840776813935623,0.6930000000000001,10.230999999999998,0.38986430992306487,7.0,10000
0.18348036328324585,0.10997034241239001,0.3177426621653572,0.5484974612349749,0.608,8.184000000000001,0.3607570199391283,7.2,10000
0.15639271146247405,0.09686176054581569,0.10310004210843893,0.5820302085913057,0.6540000000000001,9.591999999999999,0.4163507635317025,7.0,10000
0.1580134293040624,0.1063990320369121,0.20027558218021835,0.3923884149936129,0.616,8.785999999999998,0.36758106965383563,7.8,10000
0.21719756488545133,0.0688208292715671,0.4246588130787797,0.43602589726525076,0.732,13.705999999999998,0.3816634931291098,8.0,10000
0.13264970180093336,0.09138788146248032,0.003349894746713744,0.5798475227905683,0.615,9.612,0.42641168610057606,7.6,10000
0.22395588978793332,0.09391624763110532,0.5239652825606268,0.4193021358849526,0.639,9.389,0.3575526499407567,7.4,10000
0.19015399251966397,0.1115519793948657,0.32939223322037386,0.5444842177872345,0.6140000000000001,7.724000000000001,0.39373805996622685,7.4,10000
0.16671116742360395,0.10633682682124926,0.21684160079925638,0.465671409773922,0.6140000000000001,8.523999999999997,0.3937283731072753,7.6,10000
0.19184858437350735,0.11499382671178404,0.4021193112831153,0.5407909088464717,0.5740000000000001,7.6739999999999995,0.3757694560462937,8.0,10000
0.15520560237900397,0.07349142800498915,0.39648722729391167,0.1826235125211409,0.6849999999999999,12.259999999999998,0.3749454186703357,9.2,10000
0.12285864863521234,0.07642419201884311,0.12211483895099162,0.4127005176938543,0.6950000000000001,12.116999999999999,0.41733205706845566,8.4,10000
0.22259896012104646,0.10234754772225095,0.31149024025476113,0.5910170621853377,0.6729999999999999,8.844999999999999,0.402879453051725,6.8,10000
0.10709902774570411,0.05978614971259028,0.08376453114977807,0.5706053354105671,0.6679999999999999,15.816999999999998,0.41411137765654915,9.4,10000
0.2743254098406339,0.09255652804249635,0.6226147823422393,0.48294197319535115,0.6900000000000001,9.893999999999998,0.34945680121447353,7.2,10000
0.17949797854195088,0.07364995873349721,0.5398849102264153,0.571418461460074,0.683,12.455,0.3261339587681741,10.2,10000
0.11675510083856848,0.06582898758247911,0.1288502361790007,0.52231435429014,0.687,14.078999999999999,0.422044074904517,9.4,10000
0.16511853261542547,0.12151496765198071,0.1687657096771444,0.5562116449192211,0.5820000000000001,7.445,0.39808113449817906,8.2,10000
0.23206288790131077,0.06458180380132592,0.5608866217509653,0.5847188984295919,0.7689999999999999,14.408999999999997,0.3854689810184398,8.2,10000
0.13771227003426084,0.10622056328059276,0.2754045424845537,0.49730089883150586,0.569,8.609,0.36660835065228536,9.4,10000
0.2178161560382629,0.09363588735970076,0.4452655582702913,0.3208848906876675,0.6980000000000001,10.292999999999997,0.36544255745993603,7.8,10000
0.10743581547395549,0.08027293284610652,0.14722218310836074,0.19508379107470117,0.63,11.972999999999999,0.38645033932187095,9.2,10000
0.2956798873499556,0.09444211569441795,0.6025825396558521,0.562952306432618,0.681,9.636999999999999,0.34894425407601015,6.8,10000
0.20738045787457096,0.08766125208361177,0.23341879217895534,0.5549450144720572,0.693,10.407999999999998,0.3781733422523319,6.6,10000
0.2068599260962248,0.1083163447826502,0.49803419931573095,0.4494199729296127,0.6060000000000001,8.434999999999999,0.34607240141087975,8.4,10000
0.23472821216568668,0.08016207873281177,0.6255088966432409,0.4473473073566795,0.666,11.385999999999997,0.3250719747313766,9.2,10000
0.17687801370629122,0.08679386834415893,0.22785697447054068,0.5787097297223367,0.683,10.787999999999997,0.4182036308420186,7.0,10000
0.139074670983791,0.09291720597663981,0.09758335436504338,0.3938427597551834,0.644,9.621999999999998,0.41549132652460485,8.6,10000
0.16027130177105334,0.09940187442121821,0.09141189957722472,0.5933804596856715,0.6729999999999999,9.582999999999998,0.410093640928283,6.8,10000
0.11139494884727398,0.06711226345064665,0.14290616538592235,0.4703381304051811,0.649,14.331999999999997,0.38858162763845416,10.2,10000
0.15759100490088046,0.08832419534127894,0.29782808691539014,0.27878153032462744,0.617,9.548999999999998,0.3646426359537217,8.4,10000
0.11614558709588604,0.08781021697115984,0.19246979405016892,0.44587724923777305,0.604,10.421999999999999,0.3505441097538924,10.0,10000
0.1892920900573577,0.12053446818186352,0.2969970167205167,0.5549104070290526,0.5980000000000001,7.5009999999999994,0.3918261673195126,7.6,10000
0.2736504589173234,0.08657416296851513,0.598580951725764,0.48851649311608375,0.729,11.072999999999997,0.37685301436423596,7.2,10000
0.18431554151723523,0.07705335111802308,0.34411070274258543,0.2674657367911047,0.6689999999999999,11.854999999999999,0.3886418107374393,7.8,10000
0.10131350219268682,0.08197411267658687,0.05925799339657161,0.5297189161665589,0.577,11.309,0.3790085064267662,10.4,10000
0.1454637482034491,0.10111952635115044,0.21259525358102405,0.4467566143343468,0.576,8.651999999999997,0.3847162698534304,8.8,10000
0.1475439037300229,0.09927426983464221,0.01908653233464346,0.445420441784239,0.6369999999999999,9.479,0.4005457413344454,7.4,10000
0.1398695627528895,0.07221733693812107,0.10122778936432537,0.38201223688032465,0.692,13.254,0.3880944785625436,7.6,10000
0.15296797632938638,0.11361144977604853,0.22531012330532843,0.4758535032926679,0.585,7.718999999999999,0.3703224925571057,8.8,10000
0.24392717269168748,0.09536077784073309,0.36652484030942833,0.5274635282702438,0.688,9.943999999999999,0.4033437002877417,7.0,10000
0.205264629232353,0.08570438878876817,0.4434822703082099,0.1612266958131506,0.6530000000000001,10.550999999999998,0.3593438260202377,8.8,10000
0.24156304670273102,0.1036623584192493,0.43331159991630036,0.45661325684174836,0.6799999999999999,9.302,0.3891406928039167,7.2,10000
0.1771973017132012,0.09205947126885398,0.3406810153048346,0.3076027918021535,0.658,9.594,0.38681565398096796,7.8,10000
0.1944376738436701,0.07961120825682157,0.38880499138235686,0.3686241304958721,0.6890000000000001,11.807999999999998,0.365170372369374,7.4,10000
0.1577101201610055,0.09681734839111901,0.4266846291865649,0.5742691767938884,0.603,9.200999999999999,0.3210311743406965,9.2,10000
0.14166209104407076,0.09212352555538947,0.21650328369676286,0.3450400388602175,0.637,10.61,0.4116078066737578,8.4,10000
0.17017800641596856,0.09462062763448999,0.11632992892799798,0.4936790931866513,0.655,9.742999999999999,0.4069701073113192,7.2,10000
0.21343479243310864,0.08559408544168061,0.352708748358596,0.5120381405095831,0.6990000000000001,10.736999999999998,0.3766309100555811,6.8,10000
0.11395604014160213,0.07066251168847258,0.25711575088133065,0.4090699842697536,0.658,13.376999999999999,0.3527853493518236,10.0,10000
0.205263764717469,0.09772385891742418,0.38773644180692834,0.47558498758783274,0.629,8.91,0.36356161858779806,7.2,10000
0.18181648641362594,0.08812445184282691,0.178457931734369,0.5624241665044246,0.711,10.337,0.39413814310791323,6.8,10000
0.1855005275169812,0.10574169291123221,0.10985196055669438,0.5983219737504314,0.632,7.922999999999999,0.3839230955300314,6.8,10000
0.2043762674253408,0.07739241192240998,0.274463180248096,0.5645681530275166,0.725,11.770999999999997,0.38502773183189587,6.8,10000
0.23735373286503209,0.09635956429995288,0.2801290768165779,0.5752434272484561,0.6849999999999999,9.586999999999998,0.38739675771011356,6.6,10000
0.11369138526894099,0.08239981739700752,0.07928178165330256,0.12341717531783288,0.645,11.444999999999997,0.372623712881058,9.2,10000
0.12023035496519885,0.06966866872566997,0.20204350541947297,0.35111956068952516,0.667,13.797999999999998,0.3792989610746199,9.8,10000
0.33032601715319304,0.08977791744949123,0.7271713694020376,0.5395743625500871,0.6839999999999999,10.104999999999999,0.3255049026646373,7.6,10000
0.14408613708460868,0.06496574700565283,0.18371666479727944,0.4187040170107012,0.7139999999999999,14.284999999999997,0.3969889550238583,8.6,10000
0.2932440685096058,0.06850496732723657,0.6905180940262347,0.5596035904451172,0.727,13.133,0.3263979654986037,8.2,10000
0.2346778029652851,0.10654748054157115,0.5229289174358099,0.569433512813323,0.632,8.155,0.3377359315223642,7.4,10000
0.1759645188611306,0.08558902420465145,0.4764267382787597,0.507207274418297,0.6479999999999999,10.993999999999998,0.32858072013481743,10.0,10000
0.15798353674846152,0.06949796134788987,0.3589085380419257,0.3557291627733259,0.704,13.745,0.3923196553062932,9.2,10000
0.3261648427449812,0.08602020943804359,0.6719810927758707,0.5822321139646135,0.724,10.288999999999998,0.3590096543522881,6.8,10000
0.1715043498455105,0.07742715013314462,0.3655166663680833,0.11767800922791831,0.678,11.539999999999997,0.3665922128385541,8.8,10000
0.10453035359087685,0.06417008384058616,0.054859492492247156,0.5413635454701888,0.683,14.887999999999996,0.41858409756808407,9.4,10000
0.2640653892810983,0.08705366425110818,0.506427132445894,0.4910844249063998,0.717,10.460999999999999,0.39332279877948484,7.2,10000
0.2812549711721752,0.09844100233273913,0.5770370646021136,0.4373129609661542,0.683,9.523999999999997,0.3689730430579944,7.2,10000
0.3052834415336367,0.07151140566900327,0.6875817875563256,0.5847989847008082,0.7460000000000001,12.767999999999999,0.35302814886991857,7.2,10000
0.1906901859753304,0.08678640009690564,0.3947911741570537,0.3959981855051031,0.665,10.215,0.3342823446594081,8.2,10000
0.2593223034878243,0.10008692293650441,0.6539518687779806,0.44398029078826007,0.63,8.922999999999998,0.3347569900339387,9.0,10000
0.2696907139377077,0.08155492926199082,0.6792360417080895,0.34800265303093153,0.719,11.553999999999997,0.35424500346033255,8.2,10000
0.2191550546557934,0.0681197091094557,0.5764922845159861,0.4326247779990936,0.7350000000000001,13.776999999999997,0.3678746877624516,8.2,10000
0.29476355741165394,0.09772177809696055,0.731707685156366,0.5166198068904347,0.651,9.380999999999998,0.32209704829567415,8.2,10000
