beta,gamma,rho,s_peak_height,s_auc,s_growth_rate,s_time_to_peak,s_total_rewires,s_rew_inf_ratio,s_var_degree,distance
0.3982802218501835,0.0989981191553694,0.686878335929106,0.722,9.079999999999998,0.2891842023817513,5.8,779.6,1.4750692520775623,13.56694,1.9187761176965328
0.4641426026923692,0.1623177030709129,0.5587000761407562,0.629,5.216,0.2352493314774863,4.6,498.2,1.3656597774244834,10.70602,1.8116374936073374
0.2299780073361361,0.0629885365903956,0.0123469308971487,0.781,14.383,0.3852992814902555,5.6,13.4,0.0384122919334186,9.32272,2.0875024831959457
0.4156907052600931,0.123912323694013,0.2089946827088096,0.71,7.031999999999999,0.216569625458504,4.0,159.8,0.4943661971830986,8.80642,2.2953140426864858
0.473959436041162,0.08460547265782,0.6252386361293631,0.767,10.942,0.2806123480649637,5.0,603.8,1.3481095176010431,10.75182,1.4644138827806388
0.0543710743518363,0.1892661646747739,0.7733609069883055,0.034,0.217,-0.3644741863549394,0.8,62.8,7.058823529411764,12.24828,9.782672689812548
0.1117458436849363,0.1901812489217457,0.1922262126304594,0.27,3.804,0.2395226057421923,12.0,370.0,0.7481481481481481,10.46158,2.3654483297219064
0.4723988947285171,0.1699717679923369,0.0705132320370579,0.6559999999999999,4.83,0.1326326531499023,3.4,44.4,0.1722560975609756,9.42116,3.0600611824954864
0.4195527618981727,0.1405359555224732,0.398574009141924,0.6769999999999999,5.948,0.2145793083288077,4.2,331.4,0.9217134416543576,9.2988,2.0143857959717604
0.0533587083574115,0.0368191278647648,0.1053265409804224,0.666,25.915000000000003,0.2275585976064253,21.4,445.4,0.2942942942942942,9.93876,3.6673522375021066
0.4933733534639349,0.1815512534832787,0.7172621340556831,0.515,4.66,0.2407326413537452,5.4,719.4,1.7262135922330095,12.80774,2.21478103117364
0.3992479193003312,0.0726731307968281,0.7117958504981895,0.7849999999999999,12.727,0.3191414225318448,6.2,837.6,1.424203821656051,12.03682,1.6194369586982023
0.3606235676802864,0.1331483028904465,0.2230891355382307,0.6859999999999999,6.238,0.2896847353652406,4.2,177.8,0.5131195335276969,8.832380000000002,1.9278947860484865
0.4533671930636464,0.1069119211485093,0.4553015344627044,0.736,8.127999999999998,0.2369488197564535,4.0,411.0,1.0815217391304348,9.8181,1.8166043429388423
0.3265170012979905,0.0329508207781445,0.1389401698602029,0.907,29.72600000000001,0.3063323554318978,4.4,129.8,0.3076074972436604,9.56284,2.788224213190772
0.1974578106585609,0.1128824804311102,0.4068275148318331,0.577,8.088,0.357623680421092,7.4,638.2,1.0155979202772965,10.98594,0.7531578981529203
0.3857267232992182,0.0559345374135786,0.4927745732067742,0.8530000000000001,17.465999999999998,0.3200007404846355,5.0,493.2,1.1031652989449,11.28012,1.546187090658641
0.4472483424481392,0.0794313078042315,0.6651160734423947,0.798,11.878,0.2427153595284596,4.6,634.0,1.426065162907268,10.908219999999998,1.8108115265445621
0.4404069383101565,0.0735536957256404,0.6916187946523958,0.787,12.659,0.3251635077803981,5.6,747.8,1.3951715374841167,11.9381,1.506918399976873
0.4652237322342578,0.1955656043365851,0.646375254041284,0.474,4.1530000000000005,0.2376756384594489,5.2,639.2,1.7383966244725737,12.68034,2.256797575686273
0.0897004658098468,0.1672225892991584,0.2503637521294829,0.222,3.945,0.2156234164144489,12.8,538.6,1.0135135135135134,12.16242,2.719311931228384
0.065123892019137,0.1072870688296437,0.2735915869942145,0.186,5.803,0.1452537671856185,30.4,767.4,1.1236559139784943,15.82476,6.390323725279659
0.4322627191563661,0.0583458083057675,0.2665304881443021,0.837,16.009999999999998,0.2688719886942857,4.0,215.2,0.5913978494623656,8.57366,2.117227540392202
0.4595659752583261,0.1720810179598356,0.2253643991806744,0.64,4.76,0.1396083071825928,3.6,159.4,0.5359375,8.842979999999999,2.813798943299424
0.3873011626932786,0.0795544202243756,0.1563581173297351,0.7889999999999999,11.402999999999995,0.2393737182254081,4.0,139.2,0.4055766793409379,9.11586,2.22516370559501
0.4965703472082508,0.1010004111830295,0.3429589000730528,0.765,9.161,0.1896664591990395,3.8,257.0,0.8209150326797385,9.41096,2.280804529343887
0.3338137729613291,0.1933456585062874,0.4515434105666815,0.5,4.142,0.2512201901343647,5.2,472.2,1.232,10.887220000000005,1.7817908071559814
0.2253370342354621,0.0485258703012301,0.055472055763749,0.841,19.238,0.4100409852655958,5.6,65.2,0.1367419738406659,8.83606,2.192497463758133
0.3216302375029876,0.0230273501690856,0.7457030715368074,0.909,40.949,0.3923617208732516,7.6,1052.4,1.4785478547854785,14.67562,3.896478927816096
0.2043823693328092,0.0954970652215475,0.2563384729438386,0.663,9.082999999999998,0.3728452245262453,6.4,364.4,0.6500754147812972,10.2342,0.8415607780893755
0.3330526077563434,0.0533444809758411,0.2969746393293602,0.857,17.103,0.33293285373354,5.2,295.2,0.6499416569428238,9.4324,1.628767667483206
0.3084376415085242,0.1015617576932265,0.0091284242627954,0.744,8.666999999999998,0.2695708273158675,4.2,9.6,0.0282258064516129,9.11306,2.4041340249299123
0.3834578273420441,0.1764605475459105,0.5844052169928445,0.557,4.630000000000001,0.270713904333115,5.6,600.8,1.4506283662477557,11.29088,1.6351678832959229
0.4942291770394418,0.0200299312801504,0.6199795301984673,0.947,47.004999999999995,0.2614907251711929,4.2,594.4,1.280887011615628,10.988360000000002,4.022081656082039
0.1609911946521149,0.1308834979530276,0.153071456217557,0.561,6.634,0.3973925171011963,7.4,237.8,0.4527629233511585,9.99782,1.2456317902212686
0.2695095554470278,0.0201618053681893,0.5667473657041796,0.921,48.510000000000005,0.4143238190809165,7.0,778.0,1.1140065146579805,12.23492,3.9804949392830338
0.363385797687198,0.1936359427368869,0.2460392197340751,0.579,4.143,0.2262436857997308,4.2,201.2,0.6321243523316062,8.7678,2.233761430468653
0.2362776892796423,0.0688484460719899,0.5289926139592828,0.7430000000000001,13.996,0.3550829631863829,7.2,778.4,1.1938088829071332,11.16482,1.0932621248024421
0.1630997327384498,0.173232383387047,0.571438031979408,0.1359999999999999,2.181,0.0727753124695896,8.0,553.2,2.485294117647059,18.41632,4.955501107382807
0.4690897745432769,0.0545313309533952,0.187817264362688,0.881,17.401,0.2266228972700162,3.8,133.4,0.4040862656072645,9.22446,2.5084640180937505
0.0933753670085518,0.1549733723976042,0.1343996501878625,0.327,4.904999999999999,0.2679226520510359,11.4,296.4,0.5626911314984708,10.25712,2.0761956121892924
0.2789070460335766,0.1045640604166992,0.2593481645830963,0.6990000000000001,8.306000000000001,0.341517005673522,5.0,275.0,0.5851216022889842,9.99256,1.339406954302122
0.3211348895244558,0.1070786398881607,0.4933443196943797,0.694,8.270999999999997,0.3565628570571069,5.8,558.8,1.0720461095100866,10.76792,0.8910746449930615
0.3039964473631659,0.1160774239558141,0.729307657147912,0.599,8.177999999999999,0.2564838807861146,8.6,1045.2,1.6043405676126878,15.3501,2.7925478196606397
0.205806935074136,0.1641392552029141,0.7965007897020784,0.106,1.0820000000000003,-0.0182097394763795,3.0,351.2,4.688679245283018,19.0366,6.812180374406737
0.1522567911711856,0.1516928312342443,0.2352530196991707,0.4509999999999999,5.715999999999999,0.351698061335287,8.8,409.4,0.7605321507760533,9.32572,1.2035736751032147
0.473610453735059,0.0355516957288545,0.3964471941962267,0.9,27.132000000000005,0.2684198798030425,4.0,337.4,0.8366666666666667,9.18884,2.49701486756683
0.1696753318728095,0.1117615376996618,0.0814802117764909,0.616,7.805,0.3975543184721029,6.8,113.2,0.2126623376623376,8.774339999999999,1.6886832180149511
0.152487942297481,0.1567758034642319,0.2893135419684957,0.418,5.0569999999999995,0.2989221579958583,9.6,477.4,0.7966507177033492,11.3225,1.4444461174452585
0.3550483591609665,0.1873173037528467,0.041552433204679,0.5900000000000001,4.227000000000001,0.2006659214246732,4.2,31.4,0.1084745762711864,9.5659,2.66850551549061
0.4414667439583788,0.0580247693914592,0.7983778177154632,0.8280000000000001,15.984999999999996,0.3268939560966019,6.0,928.0,1.5265700483091786,13.67262,2.215530565246331
0.4698722425497232,0.1307584517244166,0.0776100294903133,0.716,6.5760000000000005,0.2077729132777276,4.0,57.4,0.1843575418994413,9.36996,2.5426299437137283
0.4555299333287165,0.0953124467980191,0.2431554549236842,0.7899999999999999,9.282999999999998,0.2089965620515507,4.0,191.4,0.5683544303797469,9.58246,2.254680656878769
0.1099851026878876,0.1055304036683515,0.5149634557556108,0.182,4.005999999999999,0.1015445004531378,10.0,651.8,1.708791208791209,16.2451,4.014125330481594
0.0975960180948661,0.0846865798018931,0.0140327837610239,0.571,10.297,0.4000931981333954,9.4,32.0,0.0560420315236427,8.82912,1.8894160141820415
0.1685517381446821,0.1589761637379226,0.592131053648909,0.2239999999999999,3.859,0.1329384710129454,12.0,880.8,1.8794642857142856,17.44652,4.270675819712046
0.0957389906370025,0.1687263753169404,0.7614784217010864,0.041,0.3669999999999999,-0.1347352148294044,1.4,79.8,6.024390243902438,12.54828,7.845201106738312
0.0692181332243497,0.1432098463609762,0.4280146037441991,0.0539999999999999,0.6210000000000001,0.0194978490009069,3.2,152.4,2.6481481481481484,13.68216,5.0676659007767135
0.3087580131067661,0.1663763862932887,0.3675273901468774,0.563,4.958,0.3233709372097027,5.6,380.2,0.9467140319715808,10.17878,1.2863074940106778
0.1588069397029509,0.0923772679925177,0.7991458679340431,0.075,0.9,-0.0468876922499054,3.0,177.8,5.386666666666667,15.489399999999998,7.0093557500444295
0.3793957553940978,0.1769053299544089,0.5619980164153745,0.537,4.638,0.2571824122341584,5.4,567.2,1.325884543761639,11.60006,1.7205712021963462
0.1499781795745557,0.0730095150608766,0.3333433669551726,0.666,13.053999999999998,0.3489083388675339,9.4,642.8,0.8288288288288288,11.355,0.5860485117363787
0.2780278840998623,0.1353536430350787,0.524806876353824,0.589,6.236,0.3377384659430304,6.4,655.8,1.305602716468591,11.96916,1.2516612578196211
0.3682803537250099,0.0837159573299426,0.7104943102820057,0.732,10.905999999999995,0.3236505099223833,6.2,864.4,1.5259562841530054,13.52422,1.9162674372147588
0.4999309493176999,0.1670124230425291,0.3510078725514283,0.664,5.343999999999999,0.1822041972232897,4.0,271.2,0.9382530120481928,10.1682,2.2859728925093026
0.0580221651674688,0.0414509605674905,0.2625113673084606,0.579,22.378,0.2138319880528611,25.8,1090.0,0.5958549222797928,15.0094,5.130404463961802
0.3539817999849995,0.0343571639047801,0.0668927596870824,0.89,28.621,0.2759338958149023,4.2,60.0,0.146067415730337,9.1117,2.939067375657595
0.3645244071890206,0.190756066941254,0.5702497946268287,0.4899999999999999,4.181,0.2939482960089412,5.4,599.8,1.5938775510204082,10.78402,1.7164558099822456
0.4993998599400484,0.1928641696470008,0.491401100499781,0.591,4.302,0.1228011788559944,3.6,374.6,1.269035532994924,8.840660000000002,2.7803191525259603
0.2049272127039135,0.0598096973637743,0.7593864247742698,0.342,7.803,0.0918233039893407,8.8,664.0,2.0964912280701755,16.327139999999996,3.842984857568369
0.2996636136263371,0.0852059649154016,0.5480923651926685,0.727,10.96,0.3381632425209692,6.2,655.2,1.237964236588721,11.44672,1.0522632431515293
0.3207813439556548,0.0790239556610101,0.3388765447683377,0.781,11.733999999999998,0.3278554640974618,5.0,356.4,0.7656850192061458,9.2291,1.341166188317816
0.4463399077727261,0.0839641908357601,0.7281597232699649,0.76,11.036,0.3012235050907405,5.0,763.4,1.561842105263158,13.03442,1.8864094526442674
0.302833398579849,0.1647250940681315,0.7376025617532456,0.44,5.138,0.2206557605691435,9.8,1065.8,1.852272727272727,16.810579999999998,3.556235510098536
0.2626426440731759,0.12708728519324,0.6170677729712195,0.5660000000000001,6.766000000000001,0.3243843954435074,7.4,847.8,1.439929328621908,13.984039999999998,1.959514808479716
0.3429330601566219,0.0809534714241383,0.7825024151405451,0.716,11.099,0.3283198065273484,7.0,1035.4,1.5726256983240223,15.94942,2.7780018301383285
0.3598414426282887,0.089729173903451,0.6574245105666938,0.7550000000000001,10.408999999999995,0.3163009143428105,5.8,767.0,1.4357615894039732,11.94378,1.5056532282026114
0.0550635386300484,0.1198422201749304,0.3466530603605102,0.063,0.782,0.029668332484599,6.0,150.2,1.8730158730158732,13.85078,4.620117783410096
0.2149143006706202,0.1979457765127786,0.573239188542585,0.237,2.916,0.1654729872450508,8.2,733.4,1.9662447257383964,15.91908,3.6462817235468115
0.0919227673047375,0.0371407337106059,0.4673045102125119,0.5429999999999999,20.94,0.1691002272401918,19.6,1200.6,0.952117863720074,15.72332,4.4055542205763425
0.4377797213679609,0.1632090080146344,0.6102111034234534,0.5969999999999999,4.9479999999999995,0.2363236886063758,4.8,599.0,1.6348408710217757,11.509719999999998,1.9575870351898204
0.4124927029757346,0.0997049356461313,0.5071058257615809,0.728,8.774999999999999,0.2492526736320748,4.4,482.8,1.2156593406593408,11.23042,1.681256882410581
0.4459876435407384,0.1189310699753523,0.7800967943881212,0.671,7.421000000000001,0.2735251710476327,5.4,854.6,1.6616989567809235,14.20978,2.32433069471399
0.1078427267048062,0.1333913958868284,0.4607055393056447,0.119,2.539,0.0539294906113676,15.0,506.2,2.058823529411765,14.98604,4.55423417246144
0.446444348909945,0.0567377511022223,0.5400209049267617,0.8469999999999999,16.705,0.2718827910768723,4.6,533.4,1.210153482880756,9.99124,1.726288872092348
0.2637529403298701,0.0457963365956055,0.482988293389338,0.8400000000000001,19.836,0.4079057997079675,6.6,665.8,1.0369047619047616,11.24304,1.4082626130257019
0.3475066282617509,0.0249266344811934,0.5048809733178085,0.9,38.448,0.3350554336580579,5.2,552.0,1.0722222222222222,11.45226,3.0324614110710004
0.1631103139623083,0.1417686300766996,0.3175776031384683,0.493,6.299,0.3258553329457557,9.2,540.2,0.8356997971602436,11.11734,1.0127140797524383
0.124237264808743,0.0816404407889353,0.161336018772779,0.595,10.645999999999995,0.39844994895229,10.0,324.6,0.4184873949579831,9.31362,0.9665253007781563
0.3072412494045893,0.1935122759843821,0.2042208714629321,0.526,4.093,0.2330645133742253,4.4,195.8,0.6349809885931559,8.68308,2.2405733188640564
0.3686999119083139,0.0610249964458949,0.6406291807456203,0.82,15.841999999999995,0.3147365856591554,5.4,725.8,1.39390243902439,11.00926,1.5536031806090067
0.2132012881492638,0.034150677401235,0.3995154745868358,0.8719999999999999,29.437,0.4244159488384273,7.2,570.6,0.8486238532110093,10.13508,2.0717450670985413
0.359966572727626,0.1788154406571377,0.1455571112809802,0.591,4.897,0.2297163984192088,4.4,116.0,0.3722504230118443,9.511019999999998,2.280888203672249
0.3928681855978386,0.0714056781657318,0.79110775907958,0.746,13.359999999999996,0.3099258291868996,7.4,985.8,1.526809651474531,15.9196,2.7103111282053858
0.1901992612431621,0.0392131028526937,0.025764037070962,0.829,22.345,0.4516438051514558,6.4,38.6,0.0747889022919179,8.58168,2.4115378870473814
0.2386688119965922,0.0700995095501527,0.3789916264494806,0.765,13.669999999999998,0.3665006789898827,6.4,496.2,0.8745098039215687,10.55728,0.8014544045931432
0.326093118158128,0.1210992317119578,0.4963512163136738,0.649,7.206999999999999,0.3043430637928974,5.6,520.0,1.1756548536209552,10.21312,1.1509342366808786
0.1515830088729374,0.0582112997304752,0.4727383215133363,0.748,16.141,0.3417982541579648,10.4,962.4,1.054812834224599,12.737780000000004,1.7832157128319113
0.449717502505436,0.0813586919386454,0.1702380335976832,0.82,11.791999999999996,0.2134528623388686,3.8,140.0,0.398780487804878,9.32298,2.396610348118088
0.3472737567914499,0.0851555493996387,0.3172494772084163,0.7700000000000001,11.538999999999998,0.3192283603283795,4.8,328.2,0.7805194805194804,8.95368,1.4537203513897705
0.1733666407529348,0.1764823903582605,0.6899332274863008,0.096,1.349,0.0374450535801642,5.2,416.2,3.6875,19.315139999999996,5.985702736599244
0.3835239876113159,0.082278066488318,0.7023287922889351,0.761,11.764,0.2991009241746669,5.6,815.4,1.6149802890932985,12.03048,1.754472633654268
0.4592219503358703,0.1478800522465556,0.5797944790618264,0.615,5.590000000000001,0.262017087206423,4.8,512.0,1.3154471544715447,11.61928,1.6707494307881916
0.4223162101814726,0.0828715408940256,0.7076987500165755,0.774,11.247999999999998,0.2787773137715179,5.2,781.4,1.515503875968992,12.10048,1.802878556679713
0.2328343408807905,0.1552037980244445,0.0418644312406511,0.594,5.453,0.3603169865456824,5.4,50.0,0.1296296296296296,8.81962,2.043008830534779
0.381422237613643,0.1119998789438542,0.2181416636814517,0.701,7.633000000000001,0.214777378839364,4.2,172.8,0.5263908701854494,8.434740000000001,2.2806165640809875
0.3369194995456923,0.1427937966006388,0.7671660449213883,0.534,6.262,0.270735197292933,8.0,985.0,1.7041198501872656,15.02814,2.6778903728580965
0.1527277515022504,0.0870378996409045,0.2235665969682155,0.663,10.813,0.3701993465530013,8.4,381.8,0.5490196078431373,9.48678,0.6411500384160731
0.2066894356567631,0.1799000826349108,0.6941329821275848,0.098,1.1590000000000005,-0.0257089528444137,4.2,363.4,3.489795918367347,17.66084,5.926446304783833
0.0869280710195405,0.118352963963962,0.5301885500289585,0.071,0.8440000000000001,0.0174430501099812,3.4,180.0,3.0000000000000004,15.65474,5.370531690087
0.0764749576080494,0.128463880286467,0.2747689395807416,0.231,5.392,0.1919339667898692,19.8,749.0,1.0606060606060606,13.457160000000002,3.904397462508203
0.2227469432071301,0.1769764712028796,0.6603927701536398,0.265,3.82,0.1734102682112351,10.0,1067.4,2.124528301886792,18.14636,4.399088102409166
0.1684302625887502,0.148639858114364,0.3721850775901544,0.449,5.2509999999999994,0.315243897499252,8.8,636.0,1.200445434298441,11.51768,1.378158124290296
0.3982112876163013,0.1402237234987671,0.708934518358249,0.604,5.763,0.2885646313159048,6.0,786.8,1.6142384105960266,14.13706,2.156559959958305
0.4207576359583944,0.0300743170073014,0.3344556058287868,0.924,32.858,0.2765172467401053,4.4,290.4,0.7088744588744589,8.867439999999998,2.9099967318450726
0.1419907325769731,0.0217250744233334,0.2144450330427721,0.89,45.709999999999994,0.4543981011714596,9.0,407.4,0.5033707865168539,8.7785,3.6408510608069307
0.1320975884885828,0.0280462551771075,0.6454386125738364,0.499,21.346,0.1357015915137275,18.6,1184.8,1.4188376753507017,23.07258,6.158459052157678
0.4947192095345931,0.0436598254148944,0.0745582296969326,0.893,22.275,0.223993900257759,3.8,52.8,0.1522956326987682,8.642140000000001,2.8991848124018946
0.0611729230192658,0.133991598597229,0.2073097105922871,0.1639999999999999,3.91,0.1275886342075947,18.4,512.2,1.0975609756097562,14.721040000000002,4.222204922554159
0.1936375471306636,0.1515103495696891,0.7412155809435466,0.0839999999999999,0.841,-0.0136333408699095,3.0,227.8,4.690476190476191,15.26498,6.346123833662111
0.1788064078882863,0.1633135990952363,0.6030230388514104,0.177,2.878,0.0839251609710801,11.2,781.0,2.4124293785310735,16.00442,4.392367101289023
0.4311674397422462,0.1864093212102208,0.2977293516793324,0.6380000000000001,4.648000000000001,0.1454802928967142,4.0,230.2,0.7758620689655171,9.1738,2.617090325168672
0.2251619376891157,0.1607858647897871,0.530680924770467,0.415,5.010000000000001,0.2753990381900533,8.6,776.2,1.4144578313253011,13.256200000000002,2.081552863778597
0.2701420485412814,0.0272863228120098,0.3798368543212719,0.901,36.676,0.3812102575929328,6.0,455.0,0.8146503884572697,9.739259999999998,2.786150465630029
0.162806127051773,0.1353425627414363,0.0367563878816835,0.579,6.726000000000001,0.4017151376712517,6.8,58.8,0.1381692573402418,8.6642,1.9111873097436909
0.1885902427426272,0.1040126291772462,0.4554700697546777,0.599,8.972,0.2713986295616962,9.4,776.2,1.0550918196994992,12.4635,1.4736828260572077
0.3068008754637293,0.1317688084176999,0.6297756548527755,0.5289999999999999,6.226000000000001,0.2723221264532284,10.0,815.2,1.4782608695652175,12.5722,1.833639373009829
0.4349354207265846,0.1163474420364398,0.6792535487786663,0.667,7.483,0.2474706780795445,5.0,698.8,1.5727136431784108,11.81558,1.8463025548458198
0.0711393700061013,0.1078242271338603,0.2776469782385646,0.258,6.989,0.1898478154116241,22.0,815.4,0.9108527131782944,14.053539999999998,4.323720112403611
0.2136986160219211,0.1136753529404328,0.2012763215389857,0.68,8.11,0.3450668031020201,5.8,240.8,0.4823529411764705,9.22524,1.3551766762532802
0.2456865464999164,0.1861218124812996,0.0098499772739697,0.531,4.397,0.3118571554784631,5.4,10.8,0.0451977401129943,8.32936,2.354781151226703
0.358896671559988,0.0494741631547046,0.6826934524739512,0.8489999999999999,19.642,0.346853147215355,5.8,840.4,1.4558303886925796,11.50908,1.8547343878895644
0.1146816935290475,0.078877916512579,0.4807699740210533,0.3299999999999999,7.652999999999999,0.1185633445255345,12.4,768.0,1.1060606060606062,14.17886,3.2248554832296983
0.4602148209166631,0.124386292340888,0.0143258655347541,0.741,6.8629999999999995,0.1393482365069386,3.2,9.0,0.0350877192982456,10.03878,3.0985097147223635
0.1106147054860312,0.1895289611702513,0.1050365970631007,0.327,3.995,0.3331938316429338,8.8,189.4,0.3761467889908256,9.52096,2.0283499287154694
0.2373277667188327,0.1799898902643847,0.3784140586553111,0.437,4.627,0.3059366803210511,7.4,473.0,1.0480549199084668,11.191639999999998,1.4254611978473333
0.146359794504084,0.0740393375937087,0.0253675400024348,0.695,13.198,0.460018118962199,8.4,38.0,0.0748201438848921,8.998380000000001,1.948998829163634
0.073206981379883,0.0251361762012472,0.2400613814041711,0.8119999999999999,37.154999999999994,0.2989795805210201,16.8,822.6,0.5849753694581281,11.874620000000002,3.482982951650178
0.4865980308647729,0.0994535982712114,0.0238884165445203,0.779,9.116,0.179839424716273,3.2,14.6,0.0474967907573812,8.90204,2.914635262523184
0.3470981021205053,0.1747218895900488,0.3546704104930647,0.563,4.895000000000001,0.2909138579694899,5.4,344.0,0.911190053285968,9.56644,1.5038021250085647
0.0753782015783069,0.022270558101977,0.1436905832203345,0.8089999999999999,41.48,0.3080883200779721,15.6,459.0,0.3683559950556243,10.18722,3.5187928184469452
0.4569238423183372,0.1622607340328178,0.098242430320545,0.677,4.974,0.1295040746954679,3.6,67.6,0.2658788774002954,8.81538,3.0370568515236
0.2826389192661371,0.0692948772754523,0.6639730391610633,0.7270000000000001,13.095999999999998,0.3446740740787074,8.0,1026.6,1.420907840440165,14.55428,2.3126433014314856
0.255447395513471,0.12989213737545,0.5695179825383522,0.5660000000000001,6.691,0.2998154825333182,7.4,792.6,1.3180212014134272,12.99954,1.6676419995364558
0.1953252946502016,0.1462948542716266,0.7570024941435157,0.086,0.899,0.0077468435981582,4.4,247.0,4.4069767441860455,17.65346,6.3141131865702045
0.3525363448740806,0.039823676551385,0.0445237000345133,0.8480000000000001,23.656,0.2840366635387922,4.2,32.2,0.0825471698113207,8.607520000000001,2.7123158300784884
0.2049556347793098,0.1165960464157729,0.4006412625456458,0.598,7.661,0.3642642536383534,8.4,596.6,0.9448160535117056,11.762580000000002,0.7443497966429894
0.2254957877296116,0.1972122002305994,0.5132796634823922,0.336,3.662,0.205429573833252,7.6,725.0,1.6041666666666663,12.814600000000002,2.563800158346433
0.075944781811799,0.0483271841629536,0.3912838199094718,0.495,15.228,0.18078601449926,20.0,1113.8,0.901010101010101,14.516380000000002,4.0595684389317634
0.3962728596787819,0.1952932381206534,0.6832119275878917,0.54,4.3100000000000005,0.2420801618012535,5.4,754.8,1.7425925925925925,12.6787,2.2103928036027822
0.1693347470624927,0.1554343478721441,0.294681591304049,0.462,5.413,0.3103722224098866,8.0,469.8,0.91991341991342,10.99172,1.236576443948001
0.3625939598434135,0.0533554994646006,0.374848915017958,0.85,17.240999999999996,0.2986806648020806,4.8,371.4,0.7541176470588234,8.642100000000001,1.747981606228375
0.1630382793760176,0.1393871123489933,0.4651643120215871,0.43,5.9990000000000006,0.2490381226659567,10.8,868.6,1.3069767441860465,14.16882,2.4465350564627872
0.4410253845229949,0.0381090608310926,0.3258405427339601,0.9,24.837999999999997,0.287446119042789,4.0,287.0,0.6544444444444444,9.244979999999998,2.3524560581300125
0.2352965869413714,0.1230222754210839,0.7841221257218176,0.284,4.687,0.1368542414270732,12.0,969.8,2.0598591549295775,18.70106,4.565490259442248
0.1185650587757718,0.1317603636151699,0.2003805363862744,0.392,5.955,0.2936788026070341,11.8,396.0,0.6581632653061225,11.33738,1.7256520151222452
0.1501797594855287,0.0530976004641806,0.6760463085019551,0.1949999999999999,5.659999999999999,0.1062698702996112,11.0,567.8,1.9128205128205131,18.6734,4.5542514379412085
0.1663179013678652,0.0514116498169538,0.1007105408036959,0.806,19.332,0.4360962773925691,7.2,157.8,0.2369727047146402,9.81626,1.7837574129890632
0.1358142561829442,0.1270912520064946,0.1637950165906841,0.519,6.735000000000001,0.3741520750514706,8.8,275.6,0.5472061657032755,9.04604,1.2378008434442955
0.0914059898560412,0.0544195892552841,0.1103966680039789,0.689,16.97,0.3799970517706866,11.4,266.8,0.2801161103047896,9.421119999999998,1.3492479412370286
0.1359990267913606,0.1615925460003964,0.4966262441626569,0.147,2.289,0.0989914171491344,6.6,558.2,2.2653061224489788,16.20794,4.304430200110833
0.3061315302021073,0.0432915246053917,0.0083307242302417,0.8930000000000001,23.214,0.3113418131927764,4.4,5.8,0.019036954087346,9.10524,2.7103089127513997
0.3053544434811489,0.0696593586550029,0.3587716773988463,0.8119999999999999,12.989,0.3824323346974582,5.0,389.2,0.8152709359605913,9.493,1.2813662424406842
0.1417707373329035,0.1699382439310174,0.0916889631727958,0.4049999999999999,4.804,0.3439688105054764,9.2,150.8,0.3382716049382716,9.54386,1.8524820244323488
0.1467636997144401,0.03576080978506,0.6918068878022596,0.35,12.905,0.112913627869956,12.0,827.4,1.6514285714285712,19.2349,4.456853910597241
0.0554473208936625,0.1486280236314592,0.1004226326237129,0.2,4.392,0.1119330679108346,21.8,293.8,0.505,10.34958,4.497947594760034
0.0524761885098546,0.1794938664751919,0.2699436038081736,0.046,0.5740000000000001,-0.0229179786687884,7.0,112.4,1.956521739130435,12.05666,4.860616148950802
0.4493938685334565,0.1483919686719496,0.3815651126823173,0.635,5.456999999999999,0.1990034428849493,4.0,313.6,0.9874015748031496,10.27792,2.137750686812389
0.3948778390152335,0.0226936271411963,0.6099946812595417,0.94,42.985,0.3377797037123254,5.2,698.0,1.2819148936170213,11.27336,3.529783618688316
0.1364417953005642,0.0390597904398123,0.7757553522131002,0.126,4.0360000000000005,0.1100507076168858,7.4,302.4,3.119047619047619,18.51738,5.136887809761951
0.3548749717267992,0.1421480239676276,0.357506876119335,0.654,6.1850000000000005,0.3283778685106268,5.2,336.8,0.8685015290519876,9.5242,1.3028676707598645
0.3467465920335361,0.0619360188831407,0.3788761850208378,0.821,14.623,0.2858212878780482,4.8,387.6,0.851400730816078,10.04282,1.5413407889463817
0.1276037240221333,0.1606614392950066,0.3182783171494383,0.329,4.610000000000001,0.2557456935933029,12.2,590.0,1.060790273556231,12.3642,2.204282767552836
0.0606802846804486,0.0794008328191056,0.0037725344373312,0.47,10.557999999999998,0.2501649816351666,15.8,13.2,0.0276595744680851,9.72262,2.843155916056333
0.4764250332469146,0.17434611538862,0.0332790941840746,0.671,4.9830000000000005,0.1539872614816516,3.6,21.6,0.07451564828614,9.08564,2.989601461825627
0.1910736819230871,0.1915903690311651,0.7591253002847225,0.053,0.4009999999999999,-0.4406290279892134,2.4,124.6,5.264150943396225,13.236259999999998,9.118566997541992
0.3392067857907757,0.0646753736474633,0.0051074853805642,0.818,14.314999999999998,0.2747506069578792,4.2,3.0,0.0122249388753056,8.997420000000002,2.4859997442929527
0.1524363932468543,0.1491986413769362,0.074075280336918,0.476,5.621,0.3586283788702996,7.2,114.0,0.2647058823529412,8.280420000000001,1.924079434616613
0.2957331244142648,0.0355689725098435,0.2405286208091768,0.8859999999999999,27.308,0.3193313413582884,5.0,250.8,0.5033860045146727,9.38986,2.3374777617486
0.3247159061954855,0.197149077426875,0.0338441666466804,0.562,4.07,0.2451107312127208,4.2,26.8,0.1014234875444839,9.62284,2.5028355662376005
0.4355444722402659,0.1807097854467527,0.3300626657326226,0.6229999999999999,4.603,0.1618798604637253,4.0,273.2,0.8908507223113966,9.4765,2.4538231613194585
0.191890625835101,0.1110828683997594,0.1445194964688778,0.631,7.999,0.3899265968849862,6.2,193.4,0.3708399366085578,9.44466,1.4066454442941414
0.4997872117989386,0.0983537588203509,0.3836131355089635,0.756,8.937000000000001,0.1858460087194216,4.0,309.4,0.9074074074074074,9.37674,2.2207759913472045
0.2193791863967129,0.1113545361003715,0.537673607930751,0.484,6.654999999999999,0.2557745662580696,8.2,737.2,1.3491735537190082,15.670440000000005,2.53677864095503
0.4167694697662667,0.1051622119763275,0.3970728766686524,0.746,8.219999999999999,0.2343793806337765,4.4,333.6,0.8954423592493298,10.05616,1.8180427672430888
0.4884177976208497,0.047952501742727,0.3226357814268174,0.881,19.769,0.2661194628795157,4.0,265.2,0.7457434733257663,9.17578,2.1809683928835915
0.2169774952366182,0.1191792638221568,0.5788843925221389,0.5269999999999999,6.997000000000002,0.2790236031892254,8.2,881.0,1.3510436432637574,14.08708,2.139252012957323
0.1534978897035457,0.1592545349255986,0.1933520734480257,0.42,4.755000000000001,0.3373774918615548,7.8,301.6,0.6309523809523808,8.8415,1.5839068065843789
0.2996549288019666,0.1241853488403685,0.3953990499057243,0.661,6.840999999999999,0.2871457184090727,5.0,426.2,1.0030257186081692,11.004,1.3683267830329775
0.2058287497451068,0.0992432757756565,0.4631952003300979,0.663,9.304999999999998,0.3802630053619388,8.0,717.4,1.054298642533937,11.8806,0.8856316753705094
0.3844760531120464,0.1355424096437349,0.0481505364834403,0.687,6.335000000000001,0.2327556945556095,4.0,31.0,0.1222707423580786,9.21922,2.497955804256795
0.4361054475083663,0.073317717565597,0.6051668725047125,0.778,11.706,0.2802620103131678,4.8,598.8,1.332904884318766,9.656200000000002,1.5177421593739344
0.1517295073226123,0.0484318088345473,0.6055911739184443,0.472,12.819,0.1565845484918872,14.6,914.0,1.3516949152542372,17.915399999999998,3.96661393653059
0.4580349478677252,0.0888082921249531,0.2348169210261201,0.8009999999999999,10.135,0.1957248215635361,3.8,181.6,0.6104868913857678,9.08254,2.4000313832252513
0.1459866531682523,0.1066708629562324,0.402793947778217,0.5609999999999999,8.142999999999999,0.3118158375298803,10.6,753.8,0.9786096256684492,12.669859999999998,1.4099987018604108
0.3553426779420454,0.1565331725643579,0.5143465146610627,0.575,5.4350000000000005,0.2862619880635128,5.4,545.0,1.3200000000000005,12.165960000000002,1.5817027322915822
0.1364811160725776,0.0522572807314539,0.6370809497933401,0.6639999999999999,19.048,0.1885907785380269,21.0,1627.2,1.26355421686747,18.40876,5.7060207104245295
0.3125953630939878,0.1642760156759506,0.3695264555191772,0.571,5.208,0.3333285435331521,5.4,376.2,0.9439579684763574,9.62588,1.2976181531685298
0.4997713284258367,0.1965249800049865,0.1782400427793757,0.583,4.1690000000000005,0.114017037419832,4.0,109.2,0.4596912521440823,8.67802,3.051274078675912
0.4606624723312835,0.0516325204611728,0.7040139008395769,0.8530000000000001,18.228,0.3057893028188837,5.0,753.8,1.5228604923798357,12.0747,1.944718069190799
0.2626136438515323,0.1861794153973793,0.1326872861757729,0.538,4.692,0.2994907234769046,4.8,135.2,0.3587360594795539,8.89742,2.0271035589257878
0.2482021409037196,0.091255148963995,0.6301240035953842,0.6950000000000001,10.117,0.3427867407570972,7.2,911.6,1.39568345323741,12.41916,1.6064873599198677
0.0989634432644727,0.0205897340833342,0.3352067721738885,0.876,47.594,0.2907846005829461,14.8,951.2,0.7089041095890412,12.514600000000002,4.2786611027658354
0.105100891947373,0.0881620815236707,0.7221065319761688,0.063,0.818,-0.0738365350339083,2.6,119.0,4.190476190476189,14.644099999999998,6.405598714505947
0.2843454337102326,0.0760313522978389,0.3835809809266586,0.795,12.329999999999997,0.3445102911188593,5.4,459.2,0.8440251572327043,10.12384,1.0867606830132486
0.3058301158882707,0.0324125564445843,0.4122230729541505,0.8880000000000001,30.611,0.3675482328100357,5.2,501.2,0.9369369369369368,10.451020000000002,2.303017237624328
0.0597442305347115,0.1909978138898865,0.7927591214552772,0.031,0.198,-0.1980325976700232,0.8,51.4,6.548387096774194,11.0398,8.542760530942225
0.1791261862579804,0.0213141994596336,0.5165237317936763,0.889,43.48100000000001,0.3802568035120618,10.0,988.0,1.0506186726659168,13.36164,3.758627973994876
0.1715403660118795,0.0867564227375526,0.5275296391609733,0.593,9.945,0.2589186279117773,10.8,1062.6,1.224283305227656,14.70506,2.6028174558204404
0.2383298588897162,0.1464260582790282,0.0456727945294407,0.621,5.7250000000000005,0.3138135160575118,5.0,53.0,0.1594202898550724,8.9067,2.103923876106587
0.4107506475199489,0.1073775836933596,0.4845430154979586,0.716,7.947999999999998,0.2757338919043285,4.6,468.2,1.0698324022346368,10.16284,1.4496000999775163
0.1141031019815886,0.0350042372643476,0.6747345296986881,0.062,1.7600000000000005,0.035223011114105,4.2,124.4,4.403225806451613,13.98848,5.85121814530425
0.3568114290495117,0.188770781219874,0.4000405266423925,0.4859999999999999,4.087000000000001,0.222959882214637,4.6,348.8,1.0987654320987654,10.39484,2.07137998619292
0.3559117602276608,0.1051996741414177,0.0424503472892349,0.7289999999999999,8.568000000000001,0.2768654987245197,4.0,32.8,0.0946502057613168,8.83566,2.34870608528019
0.3122993060842005,0.0228878510296763,0.2120654546821832,0.934,44.51800000000001,0.3429203743605099,5.2,211.6,0.4571734475374733,8.08754,3.8129065472815165
0.2069711796103389,0.1990913842103865,0.2086232561019892,0.4289999999999999,3.787,0.3093913877164531,6.8,256.0,0.6317016317016318,10.24348,1.697555819189636
0.1664551382891989,0.1940096818359006,0.0755387381130802,0.436,4.008000000000001,0.3328785009419712,6.6,94.2,0.2798165137614678,9.07524,2.0589716633906625
0.3771782547855143,0.1067009540465507,0.1471152614890145,0.7329999999999999,8.431,0.2582828547781388,4.0,111.2,0.3124147339699864,9.03884,2.189660259884601
0.3399149113541817,0.1778285176999556,0.3636208285120029,0.5589999999999999,4.949,0.245860230528847,4.8,341.2,0.9123434704830056,10.44764,1.7818157240466723
0.1780022594047981,0.1606111413515453,0.6160443026835428,0.1999999999999999,3.164,0.1261225784579454,9.8,803.0,2.12,17.480739999999997,4.318495191612733
0.3430891632247761,0.1044651232358111,0.6142089611679703,0.718,8.895,0.3035487000129602,5.4,701.6,1.467966573816156,11.0376,1.415796673758314
0.3683547711548621,0.1606235188362351,0.5752179548463973,0.57,5.235000000000001,0.2920994275692263,6.4,664.6,1.4456140350877196,12.316120000000002,1.582819101255494
0.1756629150133478,0.1216880886926,0.7925633502725142,0.087,0.8560000000000001,-0.0658969975139044,3.6,206.0,4.60919540229885,15.57912,6.555418893730676
0.1131965616455604,0.0430345869698748,0.4699287765828788,0.718,21.793000000000003,0.2014865830339099,17.8,1220.2,0.979108635097493,14.99864,3.9540918709314488
0.219973796732789,0.158644993675655,0.6840165809877461,0.241,3.404,0.0399038590715421,8.2,742.0,2.0705394190871367,15.846999999999998,4.293178381739716
0.4730649521039951,0.1438906369615232,0.2362559490108207,0.6679999999999999,6.037000000000001,0.1591034367250182,3.6,169.2,0.6227544910179641,9.58236,2.604839037463899
0.0663793124320956,0.1032062732145205,0.2126609722854144,0.3289999999999999,7.468999999999999,0.2354824363150728,18.0,643.0,0.756838905775076,13.6176,3.1948291682231225
0.2095034708382634,0.0855159631306545,0.2625874159936669,0.744,11.075999999999995,0.3968762533993928,6.2,356.6,0.6438172043010753,9.5192,1.0041763803555521
0.3653582856885614,0.1566508986720278,0.3870691842135709,0.6239999999999999,5.7620000000000005,0.269227366853693,4.4,359.8,0.9118589743589745,9.5812,1.649192706539555
0.1151527016323139,0.0997108302240391,0.3341654713889908,0.509,8.882,0.2916857859129895,12.2,701.4,0.825147347740668,11.5737,1.462179059008055
0.2965191523899717,0.1234824135715402,0.2641699035312566,0.643,7.051,0.3334475779383989,5.6,283.4,0.6391912908242613,9.48886,1.2954647818406306
0.1129681568969998,0.09214608894009,0.0647737752167793,0.602,9.725,0.4148036724164975,9.0,136.4,0.2225913621262458,8.845740000000001,1.5516423651578521
0.416676265136867,0.160874955972658,0.2933239025419496,0.618,4.939000000000001,0.2029122444206166,3.8,239.8,0.7977346278317152,9.23756,2.2712460614364067
0.2049100691118736,0.1040974673005518,0.2440103516117998,0.6599999999999999,8.725999999999999,0.3857701975869704,7.0,339.4,0.6606060606060608,10.37806,0.8228939615407473
0.4433319726547282,0.0755657941300317,0.0311612336477545,0.8310000000000001,12.636999999999995,0.2222181409090909,3.6,19.2,0.062575210589651,8.997720000000001,2.699543148034052
0.2529837209242295,0.1183528888604454,0.666081153080933,0.591,7.659999999999999,0.2767947341804063,9.0,989.0,1.55668358714044,13.9808,2.305912766343278
0.3515151151181603,0.1680177183149721,0.2408418635276247,0.637,4.956,0.2030760840894031,4.2,193.2,0.5306122448979591,8.450880000000002,2.359847785518007
0.097140077218803,0.1766784706570535,0.40093555386067,0.091,2.115,0.060353066857378,10.2,480.0,2.065934065934066,16.12236,4.5325680488701785
0.3097666501156979,0.063743260203301,0.2175741610060274,0.8099999999999999,14.596999999999998,0.2936814613577038,4.6,212.0,0.5271604938271606,9.35002,1.8173643925612493
0.2523516049893471,0.16312405431442,0.1306503153635407,0.569,5.276000000000001,0.2833076529422931,5.2,128.2,0.3497363796133568,8.53492,2.041327774265662
0.1763682003791137,0.0226462440852435,0.4376216324158884,0.898,39.48700000000001,0.4097370610198453,8.8,785.6,0.9175946547884188,11.08434,3.0554178586113054
0.2731836257942356,0.1377854304695742,0.6318777091088169,0.5239999999999999,6.1370000000000005,0.3191877419616596,9.0,919.0,1.5114503816793896,13.194760000000002,1.9706823606885715
0.1306803521826287,0.0873962053304935,0.4681861524611581,0.5439999999999999,11.017999999999995,0.1984187916694467,16.8,1059.2,0.9871323529411766,15.10882,3.4820360919489266
0.4518731701046148,0.1987687037785902,0.3687713269148122,0.569,4.258,0.1848239743975582,4.0,288.8,0.9718804920913884,10.02074,2.315753306349397
0.2741472743023382,0.1832141431975835,0.3062916440584333,0.5229999999999999,4.287,0.28015470702114,5.4,320.8,0.7762906309751436,9.945,1.631044549758979
0.4626804416753613,0.0555586070727752,0.3831902706652018,0.857,16.264,0.2545751537659683,4.4,321.0,0.8144690781796966,9.30906,1.9494717026211128
0.2228424455069701,0.0211682816801277,0.211669672627457,0.8949999999999999,45.483999999999995,0.4155390737855177,6.4,278.4,0.4916201117318436,8.79362,3.692867910662403
0.2878565045124535,0.1172221165597833,0.5529974887834634,0.6319999999999999,7.335000000000001,0.3337575199957175,6.6,708.2,1.2768987341772156,11.51764,1.1408891447871394
0.3135081644955442,0.0210428385800721,0.2128726645041664,0.939,45.629999999999995,0.3275678948297213,5.4,221.8,0.443024494142705,8.5386,3.873810231602904
0.208555049969155,0.1282603802695791,0.2758905591716512,0.589,6.871,0.4049550153877496,7.4,387.4,0.7283531409168081,9.44284,0.897977718718521
0.0802923912948128,0.0872761954204021,0.7759899948527155,0.049,0.7690000000000001,-0.0402756674314983,2.4,115.0,5.836734693877551,12.84866,7.2042405458023
0.290768552627579,0.0716895948235293,0.0666171839293104,0.79,13.111999999999998,0.2761448588983081,4.8,63.4,0.1632911392405063,9.42182,2.1725975749143283
0.0610949232017326,0.1332026960710889,0.1835063984722779,0.163,4.596,0.0683958534583893,23.2,461.6,0.8773006134969326,11.94606,4.974156217420928
0.2599552271731224,0.022318073278559,0.4720577600826764,0.899,42.147000000000006,0.4224754169770218,6.8,654.2,0.993325917686318,11.73464,3.30351340769618
0.4642588738062486,0.1005118685811367,0.1347300201533993,0.757,8.64,0.2081221814851523,3.8,96.0,0.3223249669749009,8.867560000000001,2.4940602954707534
0.0706305585797542,0.0776590108207342,0.3321904295974919,0.258,7.557999999999998,0.1823524255348697,21.2,835.2,0.9031007751937984,18.2052,4.928622261410153
0.1617350704035352,0.186845688988033,0.6024204010685795,0.078,0.908,0.0153860663825131,4.8,270.4,3.435897435897436,16.291980000000002,5.532501583718678
0.4718220888045301,0.1165741211693369,0.6768683683308716,0.7010000000000001,7.297999999999999,0.2528829593221609,4.8,677.6,1.5891583452211129,13.16082,2.0501154657793768
0.2513911564243059,0.1033165961981563,0.1108968693014159,0.724,8.785,0.3170533930514608,5.0,122.2,0.3052486187845304,8.273859999999999,1.936344810198728
0.2918435217138114,0.1143565719637841,0.2538353316880412,0.6759999999999999,7.334999999999999,0.3439166234755596,5.2,262.0,0.646449704142012,9.18394,1.3984998484655171
0.440507842502039,0.1322058126886842,0.2086658357596181,0.7100000000000001,6.236,0.1648747115881362,4.0,165.4,0.5169014084507042,9.20822,2.5609955216014018
0.3529742071442454,0.0764638552175023,0.1086563077169988,0.804,11.720999999999998,0.2719868487286762,4.2,95.8,0.2860696517412935,9.400060000000002,2.17100373016994
0.3790759836592747,0.1834734822754148,0.1872817880364826,0.538,4.0489999999999995,0.2068100285212312,4.2,145.6,0.533457249070632,9.01716,2.438267200634618
0.3453212397372948,0.116314614170531,0.4866796450600781,0.662,7.756,0.3061936057860478,5.6,524.6,1.148036253776435,10.446560000000002,1.1125465740489937
0.1925573778462097,0.1074868684791557,0.3530570345886619,0.6079999999999999,8.107,0.361115484733029,7.6,547.4,0.8848684210526316,10.9729,0.5608020062479873
0.3273578053454175,0.1447039257871329,0.511179016660212,0.603,6.212,0.2960411360260336,5.4,533.8,1.17910447761194,10.872020000000004,1.292304656238927
0.2422025446022605,0.1004114686890314,0.6971720316643482,0.584,9.261,0.2827425507420187,9.4,1188.2,1.5924657534246576,16.037039999999998,3.1559751148380215
0.0923316195044868,0.0868569184232038,0.0564501164414575,0.5810000000000001,10.904,0.3636765180192566,10.4,133.8,0.1876075731497418,8.884319999999999,1.5901533076083245
0.1744432044163016,0.091269502927427,0.2562879270976687,0.618,9.506999999999998,0.3802863690685339,7.8,424.2,0.6715210355987056,10.62622,0.525900218613746
0.4558452601341023,0.0279118534551893,0.064782524168037,0.9270000000000002,35.024,0.277679139332551,4.0,47.4,0.1402373247033441,9.71668,3.395672280972029
0.3793157125179583,0.1901690665315407,0.3216983115097062,0.602,4.26,0.1744887407115212,4.0,275.6,0.8571428571428572,9.01778,2.4143031799889227
0.3138950296004,0.1896239102279895,0.5234058715146764,0.441,4.311,0.2527087292755117,6.8,585.2,1.3514739229024944,11.197239999999995,1.7779791242069747
0.1509642572390342,0.1516835150508434,0.7066025593848617,0.077,0.787,-0.0121809015559992,3.6,219.6,4.532467532467532,16.935,6.434125595149042
0.1871185381232427,0.1133410693571403,0.4898646285085571,0.5670000000000001,8.165,0.2602524896535884,10.0,858.4,1.2028218694885362,14.18774,2.121695614417019
0.360210278893448,0.1310055819693797,0.6457342279400335,0.61,6.671000000000001,0.3242053978667885,6.2,778.0,1.5360655737704918,12.438579999999998,1.6087654412060337
0.4993586323643641,0.0333644094695388,0.600993404598971,0.911,29.242,0.2824560500841816,4.2,542.8,1.194291986827662,11.37362,2.535997178412644
0.4020843179270938,0.1928961441334763,0.1377851711965154,0.608,4.317,0.17224469104185,3.8,110.4,0.3799342105263158,8.785140000000002,2.7086976661744933
0.1399739011086625,0.1157763071931163,0.0620103112720858,0.583,7.787000000000001,0.4019631541632606,7.4,99.4,0.1886792452830188,9.1785,1.6778511551558628
0.1296703274613831,0.1138060127463126,0.066947341842301,0.58,7.921000000000001,0.3867611337962152,8.2,118.0,0.1982758620689655,9.36192,1.5681381078921475
0.3381694264853378,0.146546767900124,0.5052537574444406,0.587,6.340999999999999,0.2853322759950764,5.2,564.8,1.3117546848381605,12.062919999999998,1.55301423143334
0.4487165569636856,0.1694798088007741,0.6081813779028541,0.5670000000000001,4.963,0.22032443897122,5.0,554.4,1.4691358024691357,11.01936,1.9366143264713822
0.4079318566592945,0.0766389387997612,0.0925047944946556,0.835,12.270999999999995,0.2712786941322922,4.0,73.2,0.1868263473053892,8.491620000000001,2.3823140455396694
0.408177965451971,0.1890416904899159,0.0907457126773759,0.594,4.337999999999999,0.1319014613832791,3.8,64.2,0.2508417508417508,8.534220000000001,3.0558934545134915
0.1302776791183438,0.0909039044908055,0.4178367573905088,0.546,9.873,0.2487286180151601,12.0,923.6,1.0915750915750917,12.78978,2.095701810505303
0.205001950720772,0.1271396623736596,0.17395169408928,0.596,6.566,0.4085599236237566,6.4,215.8,0.5016778523489933,9.34742,1.3965212685506037
0.1673362200945748,0.1869886893464876,0.2062100467219968,0.411,4.449,0.3387227115754812,6.8,294.0,0.6763990267639902,9.18344,1.6423069478877652
0.4470689736962587,0.067155378685193,0.2326095253018688,0.8300000000000001,14.524999999999997,0.2409052580396343,4.0,187.4,0.5277108433734939,9.302,2.1815290510317786
0.2812419014430629,0.1321046981301517,0.7053006469700037,0.478,5.968999999999999,0.2331767132581018,9.4,1047.6,1.6025104602510458,15.63728,3.066891941190482
0.3417645733233981,0.0337106951033165,0.2702027061573789,0.913,28.477000000000004,0.3479426524154187,5.0,267.4,0.5366922234392114,10.1624,2.3808456338102473
0.4250267491040536,0.1423391883696731,0.0114134352275963,0.68,5.6160000000000005,0.1528607065578596,3.6,9.6,0.038235294117647,9.93072,2.9815568808132844
0.1110593503906954,0.1062744169375705,0.209836496989559,0.529,8.488999999999999,0.2986323199677799,11.8,473.8,0.5897920604914934,10.02896,1.2071287556250168
0.1105156889203413,0.1154476751462766,0.4048232261337358,0.33,7.403,0.1600354443401939,18.8,1006.8,1.1,16.23018,4.297605222122797
0.3830395512788334,0.0326965237864178,0.4469302521763826,0.903,29.051,0.2970248288964247,4.6,440.6,0.9557032115171648,9.5248,2.407328213186382
0.4236888247572236,0.037250105975777,0.395992267388052,0.905,25.9,0.2644426971548024,4.0,345.4,0.8220994475138123,9.79298,2.4115523918090096
0.2055627866694437,0.1318624810389727,0.3374715085655231,0.565,6.747,0.3403007377991824,6.8,474.4,0.945132743362832,10.09764,0.8801207222710448
0.3989458559876121,0.1946940253026259,0.4962714057608119,0.538,4.284000000000001,0.1863028319913055,4.2,452.8,1.3178438661710037,10.830659999999998,2.2508983641130196
0.2264740801324767,0.1902389566160373,0.3731949462321521,0.442,4.21,0.2847450551198865,6.2,454.4,1.0565610859728507,11.242720000000002,1.6197010810756576
0.3767399140334301,0.162620364724278,0.0096117460893402,0.658,5.329,0.172657195924597,3.8,4.0,0.0182370820668693,8.67742,2.93419904138099
0.1176498216760892,0.1227303378016916,0.4103076963804087,0.36,7.123,0.1783814334195012,17.8,975.0,1.1,15.38562,3.862605743412914
0.2584558748042731,0.1156179889169574,0.2644962731881884,0.6950000000000001,8.068999999999999,0.3332868485561611,5.4,299.0,0.6503597122302158,9.86324,1.24800604159364
0.190569459092338,0.1646196408078105,0.1751343844045533,0.482,4.793000000000001,0.365351539901681,6.8,229.8,0.5414937759336099,9.62732,1.5131558819485864
0.1400331597686651,0.0736320843662246,0.1462548748250474,0.657,11.949,0.4253156306710464,7.8,256.6,0.3881278538812785,9.35188,1.146660824440874
0.4557802264057338,0.1370025261402934,0.4429955118601895,0.6839999999999999,6.138,0.2399026132240974,4.4,372.2,1.0233918128654973,9.64978,1.7867464633173444
0.1041079502665027,0.1704452069981477,0.5567112222123229,0.073,0.7929999999999999,0.0171216618877487,3.8,248.8,3.589041095890411,15.995260000000002,5.628547688059062
0.4208139147243571,0.0504039372742755,0.5834152977546927,0.851,18.918,0.2876153006009357,4.8,606.2,1.27262044653349,10.44684,1.7440089856640768
0.2276805499294654,0.0894701013815297,0.4754796269248531,0.662,10.254999999999995,0.3263760206013321,7.0,669.0,1.0755287009063443,11.50792,0.903012794226915
0.4021822818937431,0.064958691910627,0.7574789561283847,0.796,14.375,0.3212854653935988,6.0,900.8,1.5678391959798994,13.16336,2.024340280943402
0.3801275385671803,0.1439397678641319,0.7856778054749173,0.536,5.827,0.2442417697411128,7.4,972.6,1.6735074626865671,15.604899999999995,2.8919603173973
0.400432945703853,0.1652229513346911,0.7477732448076906,0.542,5.279,0.2495280048945402,5.4,868.0,1.8505535055350553,14.54886,2.663448511780628
0.1508853416825774,0.1438435870928851,0.3397393309198478,0.427,5.764,0.2830376371462523,10.0,608.6,0.9203747072599532,12.5505,1.653161426301137
0.4727059963485256,0.0825504375612249,0.0385369837017679,0.8240000000000001,12.121,0.1974052973606423,3.4,25.6,0.0861650485436893,9.5071,2.7785262939928876
0.3713641371354456,0.1854899090202088,0.5382779378161014,0.525,4.43,0.2586850779806703,5.2,512.8,1.3047619047619048,10.99242,1.7093711013823978
0.0641538603613223,0.1648224179372164,0.0510218422561584,0.249,4.74,0.1126735923622098,17.8,140.0,0.2690763052208835,9.10038,3.936314881922426
0.3237101384610771,0.072458332980141,0.6675718420304975,0.7699999999999999,12.795999999999998,0.3479896441265063,6.6,849.0,1.4532467532467537,11.758919999999998,1.5022848903466353
0.47129474205891,0.064846551142175,0.0772239161574538,0.861,14.154999999999998,0.220343311503741,3.8,63.0,0.1997677119628339,8.5199,2.661350909983784
0.1947668238818514,0.1796860923142814,0.1892685820746996,0.489,4.476999999999999,0.3723938650798522,6.6,253.6,0.5705521472392637,9.73646,1.4687338868328654
0.2312154551328278,0.0489139889584092,0.2804296951643745,0.8320000000000001,20.501,0.4048608993480663,6.6,356.0,0.6045673076923076,10.06692,1.4382306971321843
0.3816449177519181,0.0499136806685533,0.627195268633256,0.8559999999999999,18.987999999999996,0.3435819521182592,5.4,694.0,1.301401869158879,11.8298,1.6861374684604598
0.4391698480379543,0.0404152895104361,0.3223872119228096,0.906,22.558,0.2564330163442393,4.0,249.4,0.6280353200883001,9.61708,2.3760048654582957
0.3409798441291876,0.1323996044532555,0.6699588764489119,0.6059999999999999,6.3,0.3091783396929471,6.4,816.0,1.567656765676568,12.6488,1.7509909141971267
0.0633940353383475,0.068731600504617,0.4069564243494837,0.087,1.704,0.0724204520253421,6.8,239.2,2.1034482758620694,15.59898,4.520165380440896
0.433859897488034,0.1264348785555987,0.3632690611137792,0.683,6.758,0.2237194414250828,4.0,299.8,0.8243045387994141,10.01756,1.9661695607055
0.2770086600091967,0.1297822973886837,0.1654119826241101,0.649,6.853,0.3039311620272641,5.0,170.0,0.4268104776579352,9.05912,1.7618714730629716
0.2315803095909936,0.1737315520719139,0.2080014513715557,0.563,4.912000000000001,0.3374409031084913,5.6,251.4,0.5932504440497336,9.6574,1.4778226287493186
0.4333219774012283,0.1645396904318145,0.1349191279264767,0.6479999999999999,5.0200000000000005,0.1418075332162893,3.4,90.2,0.3425925925925926,8.97338,2.9263792297110838
0.1805381644567451,0.1401259705118124,0.3315502665473337,0.497,6.129000000000001,0.356602839872058,8.2,493.8,0.8853118712273641,11.043780000000002,0.944089872823067
0.3514293532197093,0.0376729287172888,0.2310238007935039,0.902,24.953999999999997,0.3264683059744423,4.8,215.6,0.5011086474501109,8.428700000000001,2.359568595467093
0.0610927422479195,0.1629543773932108,0.2247090372005531,0.06,1.401,0.054332050289194,11.4,244.8,1.4666666666666668,13.27568,4.2585615881227055
0.4875300288485882,0.1631365967013676,0.4047507062829942,0.6490000000000001,5.129,0.182920182288695,4.0,293.8,0.9260400616332816,9.33278,2.2902499987678504
0.4165918364160582,0.0716595953397079,0.506381285071847,0.8089999999999999,12.970999999999998,0.2783774806449982,4.6,497.8,1.0976514215080346,11.31126,1.5620080338150846
0.1495182493848706,0.0218289020945325,0.6066687754679854,0.8649999999999999,43.593,0.2558277590671567,14.8,1406.0,1.1491329479768788,17.07906,5.238600505538182
0.3817164717925866,0.1856574261089771,0.7161058243717006,0.484,4.417,0.2413065231424457,6.4,827.0,1.758264462809917,13.57328,2.4294353564720934
0.4258405468296384,0.1565632473578039,0.3928082317016682,0.631,5.379,0.2442623238948306,4.6,313.8,0.9223454833597464,9.98538,1.7948670420964439
0.3086460465775807,0.0855315507653251,0.0398251680170815,0.767,10.377999999999998,0.2883318638665768,4.6,38.0,0.1003911342894393,9.24622,2.213093152803703
0.4768732035028776,0.1656474437119841,0.2410291037021386,0.6359999999999999,5.045,0.1661916701790402,3.6,170.8,0.599056603773585,9.07742,2.609987517990847
0.4471090342557939,0.0467651466145585,0.5174427735706483,0.8669999999999998,20.619999999999997,0.2973674374896112,4.4,484.6,1.1407151095732415,11.10602,1.8611318705885038
0.4721387640259787,0.1303932378268143,0.3874809344500606,0.696,6.598000000000001,0.2304081335108651,4.0,306.2,0.8649425287356323,9.50184,1.9514322840519374
0.3800299678717888,0.1042036091322418,0.1915227529014742,0.7350000000000001,8.437,0.2525654129980265,4.0,164.2,0.438095238095238,8.80096,2.1165715498952893
0.3485797330125864,0.035910375578655,0.1408253328895917,0.8950000000000001,25.755000000000003,0.3163007333338679,4.6,134.4,0.3083798882681564,8.73038,2.5432669313054315
0.4165990100021269,0.1883896565608814,0.402563607437103,0.5690000000000001,4.0920000000000005,0.1822162700060791,4.0,338.8,1.0369068541300526,9.8081,2.3007875752728566
0.1674565976285286,0.1196416246798826,0.4603809313152264,0.5399999999999999,7.42,0.3299557572324043,9.0,865.2,1.15,13.012099999999998,1.639997195051791
0.3972684459019174,0.0828112253640723,0.344365088557277,0.783,10.823,0.2820299346471315,4.4,326.4,0.7994891443167306,9.21674,1.6436649787333806
0.1365025115717142,0.1977501792536672,0.4981322570760698,0.099,1.418,0.0342341583382961,7.8,402.4,2.525252525252525,13.66684,4.5006679347190515
0.2378134814152656,0.0505403249842004,0.7201502857432969,0.787,19.257,0.2759032480870572,9.6,1210.4,1.4447268106734434,15.48906,3.1739622899488045
0.2380723626162025,0.1343807746144385,0.406980574214329,0.609,6.926,0.3778077612851646,7.0,555.0,0.9835796387520526,11.25674,0.7662979474851066
0.2142648609925983,0.1985525571375369,0.2369259697901116,0.4469999999999999,3.842,0.3586803488361097,6.6,291.0,0.731543624161074,10.1549,1.5105460750006021
0.4805055592495044,0.0209823908894021,0.0984993390107325,0.945,44.876999999999995,0.2380394181056499,3.8,70.6,0.1968253968253968,9.07458,4.214325152643932
0.2083946833262991,0.1222533608757341,0.5853733171587384,0.491,6.702000000000001,0.2855335899257273,9.0,939.6,1.5173116089613037,15.15544,2.5663085236421233
0.2845981233111494,0.0743851902295366,0.357748850620774,0.7889999999999999,12.749,0.3097837388556133,5.2,395.6,0.855513307984791,9.804759999999998,1.2926150616057455
0.487181891828938,0.0940483916671117,0.3411459766137258,0.784,9.695999999999998,0.1706862940361275,3.6,249.8,0.7946428571428571,9.3286,2.44804774125811
0.1906840753738984,0.1492616019786311,0.6250975767247544,0.244,4.304,0.1456429078773798,11.2,957.6,1.971311475409836,18.45892,4.475035971980425
0.4212663685058976,0.1719779458592273,0.7862982173153475,0.5109999999999999,5.086,0.2679574089320381,7.2,939.0,1.7710371819960866,14.92644,2.683075953836248
0.2807185930962117,0.0386631943747394,0.570123986367521,0.8469999999999999,23.904000000000003,0.3726811879783646,6.4,727.6,1.2007083825265643,11.00846,1.7527282116222003
0.250701088964802,0.1770975811886602,0.6283388730009188,0.3359999999999999,4.502,0.1718114605183719,13.6,913.2,1.5446428571428574,15.633440000000002,3.5480638421896136
0.1345786672553557,0.1025079340327618,0.3679065805732054,0.5389999999999999,8.286999999999999,0.3066468072757698,11.6,722.4,0.927643784786642,12.68298,1.5049443399909204
0.4131458255384115,0.1524433595369114,0.6181561258095781,0.607,5.540000000000001,0.2930987950275582,5.2,617.8,1.4777594728171335,12.53202,1.6931138786744144
0.2956798292777183,0.1796071249042728,0.3485520616577405,0.508,4.703,0.3720862418263827,6.0,370.2,0.9153543307086616,10.42622,1.2696575593092427
0.4114030533833687,0.0611454608642318,0.3031395120823181,0.8619999999999999,16.186,0.2714211079051214,4.2,257.8,0.6218097447795825,9.44972,1.9858459608352723
0.4551391941928407,0.1782334750672042,0.3286041276613185,0.6159999999999999,4.569000000000001,0.1892201111094202,4.0,246.0,0.8035714285714287,9.43496,2.3168381182037936
0.1837154607449509,0.1239542196114728,0.5791089085810766,0.315,4.942,0.1675925945776215,10.0,764.2,1.6698412698412697,17.144779999999997,3.6703872858629323
0.2947835946091864,0.0688236853646867,0.3812859584581921,0.787,13.782999999999998,0.3451830512345271,5.8,439.6,0.8424396442185514,9.79978,1.051019858286065
0.1837568358240302,0.0990274287683698,0.1549532553436733,0.6609999999999999,9.438,0.4033087798717433,6.4,240.8,0.4735249621785175,9.81348,1.1984906861761992
0.3078154178723541,0.1836212520860755,0.4897839576190174,0.471,4.306,0.2679163147234988,5.4,536.4,1.3715498938428876,11.158440000000002,1.7670240460579212
0.1166241536144307,0.0921489899517009,0.4378881418681088,0.346,7.358999999999997,0.1301615696518219,18.4,893.2,1.2485549132947975,15.166540000000005,4.064638133405471
0.4259998680704376,0.0409404387253244,0.3137413115827402,0.883,21.909,0.2710242770012254,4.2,274.8,0.7225368063420159,9.38004,2.2045523543131424
0.2737569212488335,0.0252155528643584,0.3797934949829933,0.8940000000000001,36.654,0.3746106174174176,5.8,458.0,0.8243847874720358,9.301620000000002,2.8016673000096484
0.3941141065886148,0.0299544497011316,0.0183810287131166,0.925,31.969,0.2686244017312399,4.0,16.0,0.0443243243243243,9.68722,3.2874208790582333
0.0560367661375849,0.1513484197250787,0.1980344784792779,0.087,1.973,0.0773450369197595,12.6,264.2,1.206896551724138,12.856040000000002,4.015664901167263
0.4570139737128765,0.1536512036413776,0.553422233225301,0.64,5.635,0.1913315968261367,4.2,488.6,1.4015625,10.99572,2.1410308759890424
0.0808413811045029,0.0249942900381679,0.3615779233705853,0.8149999999999998,39.579,0.2363231803396988,20.4,1194.0,0.7496932515337424,15.47674,5.019071492926461
0.2933261347374238,0.1253283704368884,0.6144093157055274,0.577,6.369,0.2867005678570128,6.8,766.2,1.4350086655112653,12.93552,1.7425082324539947
0.4230465342228879,0.0246726305047194,0.6991806253057835,0.915,38.217,0.3062280534851082,5.0,762.2,1.4546448087431694,12.43384,3.289413725504448
0.4927497006037524,0.0594514562742307,0.5736705217951125,0.841,16.558999999999997,0.2687599104619926,4.6,546.0,1.278240190249703,10.74352,1.7451330081765444
0.3759032231493814,0.0849295714558074,0.5091225104744529,0.764,11.608,0.3204469298043964,5.2,567.0,1.193717277486911,10.80922,1.1904223073952285
0.3076728694808772,0.0429150764890911,0.370765431823364,0.867,22.389999999999997,0.3701918087378187,5.8,446.8,0.8685121107266436,10.43184,1.6086999903688968
0.378334171941528,0.188045398489209,0.360471086337489,0.5619999999999999,4.424000000000001,0.2188032404766638,4.4,310.0,0.9270462633451958,10.1114,2.0362793709904694
0.363130982762895,0.0721686826508268,0.6578543532002852,0.774,12.605999999999998,0.3324430633995647,5.8,761.4,1.3772609819121446,12.0817,1.478366633503639
0.3176632072225434,0.085754139878779,0.4293377578957235,0.7390000000000001,10.810999999999998,0.318023868156832,5.0,446.2,0.979702300405954,10.65054,1.1690936847602276
0.1223635875973862,0.0787985369969788,0.1395646135871578,0.685,12.079999999999998,0.4331448401143164,8.6,270.8,0.4014598540145985,9.842440000000002,1.074576422732372
0.4194127112597656,0.0692030927088139,0.1444155955935427,0.828,12.589999999999998,0.2313426557709012,4.0,108.8,0.3285024154589372,10.06724,2.337116426324794
0.3534633175809255,0.1066820231706382,0.723714471305374,0.627,8.227999999999998,0.2903490036695758,5.8,872.4,1.7208931419457736,14.5245,2.355050579214617
0.4529976534265057,0.1051872448017545,0.0683083927229279,0.735,8.056999999999999,0.2013233239736929,3.8,53.2,0.2027210884353741,9.03334,2.607687068757539
0.3349895293435758,0.0842258094330076,0.7689108740191845,0.6990000000000001,10.604,0.3093694682815908,7.2,1118.2,1.643776824034335,15.0578,2.74513605416523
0.4571154908730501,0.1624809476394445,0.1338307524453672,0.666,5.252000000000001,0.1452329443665276,3.6,89.4,0.3363363363363362,8.398480000000001,2.9265734230316176
0.2115802165471194,0.1904309112478511,0.7532641567278147,0.122,1.281,-0.0081239609697917,4.4,416.6,3.5655737704918034,16.90032,5.684610021915414
0.1788990935710055,0.022108458051409,0.1869942398478209,0.8940000000000001,44.090999999999994,0.4231456170237399,6.6,288.6,0.4552572706935123,9.55436,3.5306266644282864
0.1116409494788207,0.0464702437891053,0.4504874028876386,0.729,20.766,0.2578569840669385,15.8,1144.6,0.8477366255144033,14.93466,3.358273312273195
0.187871790431929,0.1001228014816747,0.2178693995709974,0.657,8.18,0.3752911180128494,6.8,324.0,0.5829528158295281,9.40948,0.9719669540136835
0.2619302200308137,0.1786184199267547,0.4718525835550189,0.4519999999999999,4.413,0.3203153641412649,7.0,600.6,1.3296460176991152,10.86748,1.4331439281457676
0.2839405110077641,0.0606147727303491,0.3178934204994382,0.8039999999999999,15.743,0.3913309910112234,5.6,372.4,0.7002487562189055,9.48568,1.2552866677738193
0.1762451782240381,0.1130464494833258,0.1303424724008495,0.613,7.8,0.4139259175260623,7.2,177.8,0.3572593800978793,9.28646,1.4242833524970555
0.4692094903454942,0.0754515704844271,0.3931716742446861,0.8150000000000001,12.305,0.2638193058430363,4.2,318.2,0.8171779141104294,9.57338,1.7891682768839832
0.1176190930414112,0.0916992628815656,0.1615424133726642,0.601,9.493999999999998,0.3604836662295921,9.0,328.8,0.4459234608985025,10.22698,0.8124157113154808
0.3504650907972619,0.1856248822794724,0.1357496490841306,0.6060000000000001,4.279000000000001,0.1613822430506946,4.0,104.8,0.3465346534653465,8.87936,2.7571201447859934
0.2890131666617229,0.115437670998002,0.2540589449223917,0.666,7.5,0.3361619054231524,5.4,267.8,0.6546546546546546,10.04178,1.3013376573861186
0.2003713157106919,0.0237470213701545,0.4227566050261777,0.897,41.223,0.4030060389560982,8.2,678.4,0.8461538461538461,10.78748,3.132771332390148
0.2628715469333665,0.1372244655372086,0.7956589451395141,0.366,5.409,0.1085820845418681,11.8,1179.2,2.019125683060109,19.07932,4.865164915355538
0.3406598919973143,0.0264709878573982,0.7386584141365694,0.913,37.465,0.3773789187537397,6.2,959.0,1.4414019715224535,12.71126,3.3131488097824056
0.497888697491144,0.1883499754498014,0.0660666661634429,0.627,4.211,0.0952389019382161,3.0,43.8,0.1881977671451355,8.58894,3.386268560622357
0.2406759390987044,0.1903299598124761,0.6510190849700871,0.2809999999999999,3.931,0.1215092352764509,14.2,967.2,1.8469750889679717,17.49966,4.427659125772175
0.317823739443858,0.1487783446686214,0.6252214146517286,0.5569999999999999,6.048,0.3176011517777193,6.6,779.4,1.502692998204668,12.524779999999998,1.6545277897084412
0.148698995393329,0.1470704168237471,0.1403615776539992,0.511,5.937,0.3890786441418339,8.4,229.0,0.4246575342465753,8.97184,1.4243639141698718
0.3674267369381251,0.0700457635523468,0.7047262463947087,0.764,13.027,0.3646533664961372,6.4,882.8,1.539267015706806,13.42072,1.8986300725919478
0.261976107639172,0.0551049644993698,0.2561564660144168,0.804,16.805999999999997,0.3287889689714555,5.6,278.0,0.5895522388059701,8.67038,1.58802117463037
0.4497145913537749,0.1034187267044334,0.4428985223703419,0.776,8.642999999999999,0.2312159841116186,4.2,393.8,1.0154639175257731,9.55924,1.865190823864544
0.1502508962211329,0.1816882433245164,0.435294147932628,0.325,4.333,0.2305312749868845,10.2,804.8,1.4769230769230766,14.13692,2.7085472018926717
0.475769432569704,0.0295132093618644,0.7308653259111484,0.919,33.053000000000004,0.3286099927311916,5.0,817.8,1.4026115342763876,12.32084,2.900364606282304
0.1258056363511543,0.0525647107317002,0.6013313032000607,0.403,12.399,0.1580599240456724,13.0,1060.4,1.3722084367245655,17.8342,4.0484992076967705
0.3861766674751745,0.1877466485227145,0.2292992663821897,0.6060000000000001,4.531000000000001,0.2075872634657551,4.4,189.4,0.5775577557755774,9.57746,2.24601145499696
0.2968348804092612,0.1412855501806352,0.455374049882289,0.581,5.970000000000001,0.2649861369990862,5.4,523.0,1.1738382099827884,11.019699999999997,1.4856625324286388
0.1696562892499844,0.0298479405976097,0.3377155126089881,0.8690000000000001,33.075,0.4121143820753469,8.0,564.4,0.6985040276179516,9.55284,2.350524662150915
0.1944911130386258,0.1179863041878429,0.0698579310239751,0.628,7.418000000000001,0.3421029464582414,5.8,83.0,0.1910828025477707,9.49012,1.8026499523397186
0.4066226067588852,0.0464827458104167,0.1847587707162109,0.8960000000000001,21.743,0.291434909968993,4.2,160.6,0.3984375,8.71246,2.3951955934839653
0.0585497852689364,0.0689093960078471,0.2383456981198337,0.394,12.216,0.1544045019301132,23.2,910.0,0.7081218274111675,13.34588,4.451305333756382
0.2058354330792497,0.1458253247457863,0.147652105767388,0.5640000000000001,6.164,0.3340805918179096,5.4,177.6,0.4361702127659574,9.49704,1.6488232484137098
0.1028785271449201,0.142580077556613,0.5718697402060411,0.072,0.743,-0.0699280532279373,3.8,198.4,2.9027777777777772,15.54196,5.751961440728175
0.3985431698488967,0.0202920723971604,0.4923349532974205,0.928,47.489,0.3145975535891702,4.8,513.6,1.060344827586207,10.3289,3.8809840976182426
0.1213940842774409,0.1368217999799301,0.3206079471684632,0.407,6.0329999999999995,0.2297786670042901,11.8,640.2,0.9631449631449632,10.90412,1.9297787467230445
0.0795267062085102,0.1394644809830544,0.2274870309321955,0.212,4.5,0.1182531002469327,16.2,520.0,0.9999999999999998,12.40918,3.5975329049418954
0.4202345906770649,0.1065390756595695,0.4306447564548421,0.779,8.473,0.2480031267534847,4.0,397.2,0.9666238767650832,10.073380000000002,1.7793819747890505
0.2511645905341277,0.0783210154893104,0.1610597231757288,0.762,12.109999999999998,0.3083539037452629,5.2,178.8,0.4199475065616798,8.564759999999998,1.768580546355493
0.2951138522630415,0.0992922327594734,0.723240384408178,0.653,9.133,0.3152298163053983,7.6,1043.8,1.6125574272588057,14.670199999999998,2.4739086390161527
0.3838430330757393,0.0396919430062615,0.7998181385483941,0.852,24.475,0.3407910875455925,6.0,1038.0,1.596244131455399,15.04288,2.9937269189628877
0.2647771705606018,0.1485844763130776,0.3300103011020661,0.553,5.769,0.3310018301410266,6.0,396.4,0.8951175406871609,10.03212,1.1597993334422243
0.4645101509159929,0.1270965647077711,0.6659641149647618,0.69,6.593000000000001,0.2675080725382679,5.0,683.6,1.4927536231884058,12.52438,1.8257874383093098
0.2054511352408681,0.1208169955212432,0.5259477790953677,0.528,7.343999999999999,0.2855674036279688,10.0,888.4,1.299242424242424,13.908960000000002,2.0830295845304567
0.3853691111968995,0.15860799062851,0.2148295335846673,0.623,5.263,0.2138160783882095,4.0,174.4,0.5248796147672553,9.1894,2.2845088947289804
0.3728494663159822,0.0746732256408313,0.7752964978668937,0.776,12.792999999999996,0.3363018168610596,6.4,998.4,1.5824742268041234,14.22986,2.340751133035228
0.3479039984379303,0.0583505491422423,0.3272623786698276,0.8240000000000001,15.852999999999998,0.3674965771173396,4.8,304.8,0.6371359223300971,9.26188,1.5370582065680845
0.1221119302704869,0.1365262464256448,0.2945682049396172,0.385,6.215999999999999,0.285593117456917,11.8,614.6,0.9090909090909092,11.53436,1.741127066390186
0.3173959717373638,0.0666012854045259,0.1064290046298029,0.8220000000000001,14.057,0.3073927947972195,5.0,110.6,0.2664233576642335,8.9231,2.020803767185064
0.1432353618873415,0.0910584945176483,0.6784612737675362,0.095,1.844,0.0282486611921888,6.2,360.2,3.473684210526316,18.063899999999997,5.653664039390787
0.1305499418984782,0.1779807070523907,0.299053754008636,0.3099999999999999,4.416,0.2694986832810856,10.8,543.8,1.0322580645161292,11.453880000000002,2.0018340668440886
0.2131982057024077,0.161964929592531,0.1907890902408318,0.532,5.128,0.3417413422542695,5.6,236.6,0.5639097744360902,8.91826,1.6026104327169528
0.3818707402890079,0.1501778278374698,0.5687408964854687,0.595,5.7749999999999995,0.2222080634522032,4.8,573.2,1.4453781512605042,10.8111,1.8887499372677463
0.2984232639173656,0.1464496005477644,0.3261180771701213,0.578,5.933,0.3135148282804952,5.4,347.0,0.8442906574394463,8.96758,1.4128555785956904
0.310696098915137,0.1067324165247122,0.7812290797094658,0.6020000000000001,8.584,0.2501580406945144,9.6,1160.2,1.5780730897009965,16.579460000000005,3.3179734135081977
0.213748173505282,0.1579850250623359,0.3991259438560895,0.505,5.0600000000000005,0.3369835256358678,7.0,562.2,1.0871287128712872,12.42144,1.344366879303838
0.3684746185346477,0.0630558712810542,0.4017408120483419,0.8489999999999999,15.785999999999998,0.3146188240428114,5.0,413.4,0.9010600706713782,9.3517,1.5141009494739877
0.1958545295073002,0.1851035295501524,0.0632572913913365,0.4939999999999999,4.309,0.3398365958451896,6.4,79.4,0.2388663967611336,8.671420000000001,2.0335755485157603
0.2658450613612723,0.0410953341502143,0.4232962479515752,0.881,23.537000000000003,0.3724633580126762,6.0,535.2,0.94211123723042,11.1589,1.704032389187861
0.2890444433222131,0.08076148592002,0.5365158386789468,0.718,10.736,0.3835948762493092,6.4,672.0,1.1518105849582174,11.241499999999998,0.9152896970153626
0.0977231159803271,0.0284996327258313,0.2752180028490837,0.8230000000000001,33.912,0.3281109046447464,13.4,748.8,0.6208991494532199,11.37734,2.7103765138403726
0.4006389742131288,0.0263998292064947,0.3473848398270189,0.925,35.813,0.2826580471727137,4.6,317.0,0.6929729729729729,9.42518,3.0456880655991414
0.3793313701339609,0.0537608582604446,0.1486830830162692,0.8470000000000001,18.059,0.2895698655666142,4.4,129.4,0.332939787485242,8.81416,2.218464249469357
0.0635266511344856,0.144895343474752,0.6315346940031543,0.034,0.298,-0.0689604240120042,1.2,76.4,5.558823529411764,11.57522,7.215791111543119
0.2783758498974428,0.1377623602981681,0.4767853703455724,0.583,6.248,0.3110578185046319,5.6,555.8,1.156089193825043,10.51298,1.1927013256361847
0.3088589669517536,0.080230485210821,0.6341760041187076,0.721,11.842999999999996,0.3684015180586014,7.4,820.0,1.317614424410541,12.247980000000002,1.3216650883536314
0.1113938234179926,0.0571466490498297,0.1790139545782314,0.683,15.833999999999998,0.3692008207902268,10.6,389.4,0.459736456808199,8.8854,1.0063766357860804
0.0944025177870463,0.1942494379147517,0.0401810605524465,0.316,3.983999999999999,0.2393394193654544,12.4,89.8,0.2151898734177214,9.38556,2.6918041218368933
0.2056325085133663,0.0659967839343977,0.4160067143570927,0.748,13.21,0.4139185255794912,7.0,624.4,0.9545454545454548,10.80292,0.7808083101565813
0.2928878164221278,0.1314824976659837,0.1208196387921811,0.656,6.474000000000001,0.3090932525377757,5.0,115.6,0.3079268292682926,9.39864,1.8702963629366003
0.1535351471404554,0.1691320179215523,0.0543760219121782,0.4349999999999999,4.739,0.339970766989113,7.2,76.4,0.1908045977011494,8.667100000000001,2.095575957619322
0.1802411798264102,0.1580424662071417,0.7125239214196827,0.0659999999999999,0.769,0.0103297100950704,4.0,194.4,4.3484848484848495,14.996099999999998,5.9973230404399525
0.0977556558064792,0.0306653042479527,0.4894145598961765,0.618,26.019000000000005,0.1696720010557612,17.6,1272.2,0.959546925566343,16.843,4.559401275297761
0.4259500997771043,0.1769506499060181,0.3656350922068561,0.614,4.894,0.2053962444457575,4.2,306.2,0.9495114006514658,10.85226,2.1069248365594344
0.205644691144842,0.0674962093400996,0.6727444868854479,0.6910000000000001,14.180999999999996,0.2421987836765663,12.4,1271.0,1.354558610709117,16.4099,3.564677084033203
0.1292497032616533,0.1046860215494197,0.0892901213536036,0.581,9.029,0.3863075595431387,8.8,171.8,0.2736660929432014,8.389779999999998,1.5059183073582718
0.2200032346014218,0.0700929324817375,0.7444232394625259,0.606,12.762999999999998,0.1490285931392807,17.6,1423.2,1.4851485148514851,17.28764,4.808905525853413
0.190020326513476,0.1010528521697756,0.4190281139666495,0.648,8.847,0.3832328163903968,8.2,663.2,1.0185185185185186,10.929339999999998,0.5860778616884506
0.2686541618518415,0.1972053876304149,0.4181060442677709,0.446,4.0,0.301112388845332,6.6,485.6,1.1748878923766817,11.066820000000002,1.5209835417416253
0.3912449632612573,0.1403096469320203,0.3066830748241993,0.682,6.233,0.2114292777718993,4.2,268.6,0.782991202346041,9.99098,2.060866792923589
0.3957633494875595,0.1238502030913701,0.7968186814062298,0.591,7.048,0.2692425406488072,8.0,1023.6,1.67005076142132,15.4345,2.783206056675255
0.3482713684987858,0.1099358586545962,0.7913938713208325,0.608,8.248,0.261459398790368,9.0,1123.4,1.667763157894737,16.919159999999998,3.331978494216801
0.2731238460784019,0.1681564842921423,0.1963684811354573,0.5630000000000001,5.067,0.2947187771545135,5.4,194.2,0.5097690941385434,9.20072,1.7669057160736426
0.1227742337439038,0.1186031200730553,0.6463926246901196,0.0699999999999999,1.011,-0.053477852758065,3.0,222.0,4.314285714285715,15.71538,6.385192163831822
0.109495344979469,0.1680229384833843,0.5227034689874946,0.095,1.031,-0.0174375512185546,5.4,314.6,3.1894736842105265,17.563799999999997,5.70875397226749
0.1045038672888844,0.1049964781451745,0.57093335792154,0.061,0.8380000000000001,-0.019881495155989,2.4,137.6,4.0,14.52222,6.021414962495491
0.2395732221223301,0.0205927745201525,0.1318828132881102,0.907,46.682,0.3889637941151871,6.2,156.6,0.278941565600882,8.38022,3.951692379669824
0.3881353028166402,0.1067384744866251,0.6204917954290788,0.709,8.014999999999999,0.2864746902737725,5.0,659.8,1.4231311706629055,10.8285,1.4832448319292126
0.1314939342418603,0.0640220544261827,0.2803004316454685,0.701,14.382,0.3732747338593977,9.2,563.0,0.6690442225392297,9.27518,0.5443299536650801
0.2178605270169992,0.0894262484422673,0.6475851606361119,0.666,10.765999999999998,0.3276981951848871,9.6,1099.0,1.3693693693693691,15.60512,2.7131922232390924
0.114503939942568,0.1323953683646238,0.0812030187041988,0.4859999999999999,6.352,0.3808657412540679,8.8,151.6,0.2551440329218107,8.77936,1.6922146289268456
0.1767194557368732,0.1720562986599113,0.3257303927990293,0.3429999999999999,3.865,0.1970428855041024,6.6,404.8,0.9679300291545192,10.52464,2.286834801948446
0.3932618562793724,0.04482059890941,0.37117188521683,0.8789999999999999,20.345999999999997,0.2794730521532176,4.2,348.8,0.7724687144482367,9.83354,1.9964797520429887
0.0949883813904104,0.1902069467636141,0.3136047349604694,0.1659999999999999,3.064,0.1699978590020585,11.8,576.0,1.5180722891566267,14.25306,3.3859636583861485
0.4568395335470911,0.1748184422767696,0.7683634654796169,0.5359999999999999,4.720000000000001,0.2136688562664637,5.8,777.0,1.828358208955224,14.16714,2.6165702496733925
0.4976236814024278,0.1637740644609454,0.6177534782957207,0.6180000000000001,5.187,0.2229749674764223,4.8,542.6,1.4757281553398056,12.31698,2.027652334320626
0.1716818390688922,0.1019426725570332,0.3630845795714057,0.607,8.51,0.3584263324339558,8.6,610.6,0.8731466227347612,11.621460000000004,0.6549468302784998
0.0603888816091842,0.1967161516639397,0.1783956786557447,0.097,1.971,0.0710908517004385,20.2,311.4,1.154639175257732,11.60436,4.708790174573122
0.3686805030672836,0.0500654956685026,0.1167092100697487,0.86,19.229999999999997,0.309256097615339,4.2,105.2,0.2523255813953488,9.45612,2.263894836153375
0.3254810850763682,0.0639685422817704,0.5111401743313698,0.807,14.528999999999996,0.3576770029970203,5.6,593.6,1.1189591078066914,10.97238,1.1552271268540628
0.490991860424245,0.1706679805601145,0.6172688823554863,0.571,4.883,0.2011061526979662,4.6,541.4,1.5288966725043784,11.76808,2.170090198593576
0.3284392937770953,0.1001905273006211,0.5564867066390394,0.714,9.136,0.3131315876741111,5.8,641.0,1.1960784313725492,12.69434,1.3993969268433482
0.278125285259219,0.1162328326843552,0.0808981147094806,0.711,8.145,0.2760138409015847,4.6,78.8,0.2137834036568213,9.05494,2.128777243813995
0.4203180240876537,0.1604222712853026,0.4844677129629826,0.613,5.2010000000000005,0.2392944528277187,5.0,426.2,1.1158238172920067,10.32766,1.6979943155645407
0.0773145267649454,0.1393246553833908,0.5500446301784696,0.043,0.494,-0.0566090075335107,4.4,105.8,3.511627906976744,13.3205,5.816739721053366
0.3078675358382574,0.0814718727966774,0.3986272596064184,0.764,11.993999999999998,0.3676169705994202,6.0,455.6,0.8769633507853403,10.323060000000002,0.8725162393030148
0.3135971373876001,0.1884512156621425,0.4930243777753031,0.5050000000000001,4.691000000000001,0.2751243109851873,5.6,553.2,1.4118811881188114,11.34524,1.6646973262653242
0.4993892181472025,0.0742596670800613,0.5645155889094392,0.8139999999999998,13.145999999999995,0.2069101102750317,4.2,499.2,1.234643734643735,11.00736,2.033352135597126
0.3774259977047137,0.0299511040347462,0.0712936021797683,0.916,32.41799999999999,0.297750370146565,4.2,59.6,0.1572052401746724,9.54272,3.1370415804727085
0.1696341661704893,0.056281399389647,0.0490043857602951,0.787,17.243000000000002,0.4046625035891271,6.6,71.8,0.1346886912325285,8.89874,1.952425515371233
0.4496395867478659,0.0741690492613226,0.1554208559146543,0.7939999999999999,11.948,0.2222840294476527,4.0,114.6,0.3387909319899244,8.398579999999999,2.4300697733935106
0.0736888908066827,0.0853212600520458,0.6326651528552829,0.057,0.8970000000000002,-0.0092772688419655,3.6,123.8,4.561403508771929,13.81354,6.187128196310422
0.4346057540849565,0.0912991976291944,0.3233219253836662,0.7870000000000001,10.066,0.2296293298265823,4.0,272.2,0.7344345616264293,8.55264,2.097376227783389
0.0607083744070038,0.1282948684690184,0.0650759384660473,0.374,6.614,0.2651970719608565,14.0,210.4,0.3101604278074866,9.613639999999998,2.361669751406147
0.2957478163946095,0.0260323433749269,0.180841034675945,0.904,36.835,0.3427450746220449,5.2,187.8,0.4103982300884956,9.58044,3.088965716830344
0.3705778764558083,0.1318006167937114,0.0802503664123305,0.72,6.8950000000000005,0.2455024631845298,4.0,65.8,0.1986111111111111,8.93534,2.378816892860683
0.2475589987420396,0.0206054848954664,0.0391210893189558,0.9270000000000002,44.721,0.387491063307458,5.4,41.2,0.0906148867313915,9.5515,3.9469014536866776
0.4065110957901984,0.0261765454478332,0.1408515528379575,0.923,37.162,0.2783879520307174,4.0,114.0,0.2979414951245936,8.72906,3.466784373580895
