beta,gamma,rho,distance,s_peak_height,s_auc,s_growth_rate,s_time_to_peak,s_total_rewires,s_rew_inf_ratio,s_var_degree,n_draws_attempted
0.25061984679759,0.070198680698563,0.439252126122202,0.6728330551652992,0.731,12.96,0.4016682052956074,6.8,582.8,0.9384404924760602,10.411840000000002,10000
0.2278929590136362,0.0981721332680237,0.3635454320615492,0.5958833528497104,0.6629999999999999,9.139,0.3637914625008457,6.8,488.0,0.8491704374057315,9.88674,10000
0.1876127872516882,0.1208461839341586,0.3957021965516728,0.8694789114848402,0.5519999999999999,6.793000000000001,0.337160920593991,8.0,607.2,1.0271739130434785,11.16834,10000
0.2534233933441753,0.102414985035928,0.3985922366446043,0.8871796947664611,0.6699999999999999,8.607,0.3275029860225739,6.0,508.8,0.9626865671641792,10.82588,10000
0.1296834742730331,0.1023872169257815,0.2317029742797111,0.6986304145078354,0.561,9.090999999999998,0.3578911720190393,10.0,453.6,0.6434937611408199,9.67438,10000
0.1922826517452927,0.1231443867855356,0.38436354900082,0.5927828005942077,0.592,7.613,0.3905034124220375,8.2,619.4,0.9172297297297296,10.71146,10000
0.2250174412254315,0.0882774038149742,0.2745512052249608,0.9624700712713806,0.7310000000000001,10.346,0.410961258191313,6.6,365.6,0.707250341997264,9.3582,10000
0.269668893819512,0.0847362230220507,0.3774990030102509,0.8598677108443168,0.753,11.060999999999998,0.3752855683106613,6.0,444.4,0.8618857901726429,10.59344,10000
0.2760189047004859,0.0710364539206828,0.4318498828430862,0.8961339839156546,0.757,12.776,0.3545792519431298,5.8,527.4,0.9590488771466312,10.53558,10000
0.1226344313132795,0.0862398889232345,0.1971954629674108,0.814806886388998,0.632,10.366,0.3732687935646241,10.4,391.8,0.490506329113924,9.17362,10000
0.1965032843045118,0.1007411058875902,0.4176170089730829,0.9042085666135676,0.6050000000000001,8.648,0.3631006101605898,8.2,655.4,1.049586776859504,12.17082,10000
0.2400634968305908,0.0604267333309499,0.4802927485774386,0.9547323852769384,0.775,15.906,0.3648418307676268,7.2,673.8,1.0490322580645162,11.00028,10000
0.2463565918130058,0.1388047895291795,0.3601821779668864,0.9245063125724564,0.558,6.0280000000000005,0.3674716661597262,6.6,452.8,0.8870967741935483,10.70414,10000
0.1925962617405681,0.1220055833328197,0.3762850136768917,0.8893189727403037,0.5519999999999999,7.175999999999999,0.3246585347087406,8.8,618.0,0.9583333333333334,11.32316,10000
0.2478805223897342,0.0826961212061948,0.3664069107440914,0.8621605218170287,0.764,11.977999999999998,0.3779922008418407,6.0,466.8,0.8861256544502617,10.4537,10000
0.1521400614540109,0.1388808190107501,0.2841014317594983,0.9745210245549464,0.487,5.842999999999999,0.3666241436664913,8.8,465.0,0.7679671457905545,9.70138,10000
0.1403187564317662,0.0838137236040013,0.3719524975882631,0.7951793490968628,0.6239999999999999,10.991999999999996,0.3406760954610193,10.0,739.0,0.9102564102564104,10.86378,10000
0.1507229970108277,0.058909650331811,0.3360037900848895,0.6458320568615485,0.741,15.412,0.3870907274564992,9.0,642.0,0.7786774628879893,10.79574,10000
0.2060957153110426,0.1148468832550368,0.3365847346276316,0.6632940725181902,0.622,7.706999999999999,0.3526751490752214,7.0,470.4,0.8569131832797426,10.44442,10000
0.1827563574421016,0.0762393741755077,0.4004273978159007,0.5178049021438879,0.696,11.631,0.3764668761730833,8.4,664.8,0.9669540229885056,10.91178,10000
0.1900157786134267,0.1261386724583346,0.3179695665028948,0.7035310207966721,0.5710000000000001,6.833000000000001,0.3636044014547226,7.6,465.4,0.8423817863397547,10.2725,10000
0.2256243207753616,0.0677667304870998,0.433575610728544,0.8416965454372725,0.771,13.898,0.3986804954824942,7.0,641.8,1.0077821011673151,10.79892,10000
0.1379430601087262,0.1352453870881079,0.2515046138255283,0.9031123653292156,0.512,6.543000000000001,0.3450299587378804,9.4,448.0,0.6816406249999999,10.00236,10000
0.3116769972791958,0.0816476425806081,0.5003948868763053,0.93907995577,0.758,11.241,0.3633014750513926,6.0,591.2,1.0277044854881268,11.3369,10000
0.1048530624317652,0.0694515329445888,0.2528414285231841,0.888346393306726,0.6129999999999999,12.596,0.3247038382489279,11.6,617.8,0.6851549755301796,10.0293,10000
0.1170729628554137,0.0761043877390671,0.1963635368141887,0.7524103886278587,0.647,12.265999999999996,0.3623489936100185,9.4,397.4,0.5131375579598145,8.97914,10000
0.1498502001402546,0.125833337297277,0.2311546869128195,0.933277617970186,0.524,6.877000000000001,0.3492958140759671,8.2,378.8,0.6374045801526717,10.21594,10000
0.2475828424016853,0.1512451231661212,0.3971443344390822,0.9623820041441008,0.565,5.651000000000001,0.3579788525451796,6.6,506.8,1.033628318584071,9.6675,10000
0.1643990896055079,0.0579888972508588,0.3014014147710986,0.6202251652134082,0.7350000000000001,15.887999999999996,0.4053739712807629,8.6,512.2,0.7088435374149659,10.28336,10000
0.2778024556431651,0.1000469090438914,0.5128419326870457,0.7903311690789425,0.671,8.929999999999998,0.3593863619825204,6.6,622.8,1.1833084947839043,10.71402,10000
0.1607202257730874,0.1230826837914623,0.3315482224361463,0.8339611259173018,0.544,7.136,0.3432353310607569,8.4,571.4,0.8749999999999999,11.49348,10000
0.134974191742494,0.1138718812585697,0.3013524696969893,0.897813265469749,0.513,7.506,0.3505320766673502,10.6,551.8,0.7719298245614035,10.81732,10000
0.2777660612636937,0.1104023152763952,0.3987338731956242,0.9636335827464376,0.6729999999999999,7.377,0.3493163807868882,5.6,454.2,0.9271916790490342,9.9779,10000
0.2476008787675525,0.13552531924419,0.4409018166320097,0.9428208636765892,0.541,6.319,0.343623268889027,7.4,584.4,1.153419593345656,10.819299999999998,10000
0.2676503643627446,0.1111193009818916,0.4136044754336969,0.7629954063519117,0.6689999999999999,8.075,0.362271341224334,6.2,515.6,0.985052316890882,10.068519999999998,10000
0.2430333788275746,0.1039388647934502,0.4796018179211463,0.9803640667099808,0.661,8.764999999999999,0.3531230872364834,6.6,665.2,1.219364599092284,11.60764,10000
0.2712539094208964,0.0661698673355432,0.4160929806465139,0.9755087963108188,0.7869999999999999,13.813,0.3763229410868499,6.0,519.4,0.9771283354510802,9.58718,10000
0.2415294938329761,0.0989908087515188,0.2797406226671479,0.8511048771499149,0.661,8.953,0.3801177991717147,6.4,361.8,0.6777609682299545,10.12732,10000
0.2748203153687683,0.0741874305263396,0.3597237799048745,0.8996440694553614,0.7629999999999999,12.500999999999998,0.3794563601271079,6.0,426.4,0.8112712975098297,10.27398,10000
0.25243296477732,0.1004091958418383,0.3323738420127048,0.8856323127978433,0.704,9.045,0.3761968321924233,6.0,405.0,0.7798295454545455,9.7326,10000
0.1628547516838854,0.1174601221051599,0.2786037389986009,0.6289822490159162,0.576,7.536000000000001,0.395270269558194,8.4,468.2,0.7447916666666667,9.813300000000002,10000
0.1029864044402409,0.0602876771515532,0.2365152337324547,0.8183900174805896,0.6689999999999999,16.095999999999997,0.3457173505315467,11.2,586.0,0.6068759342301944,10.2947,10000
0.3005503062265614,0.1089702000935343,0.3800710249184882,0.9686605839984116,0.6910000000000001,8.251999999999999,0.353245039824595,5.6,422.2,0.8769898697539796,9.83982,10000
0.2432668106511735,0.0642152417203388,0.3905081404051293,0.8568346421139844,0.7739999999999999,14.592,0.4098428778105681,6.6,515.2,0.8527131782945737,10.48242,10000
0.2253902935296369,0.114422213911634,0.3354316823808684,0.9155956652448712,0.659,7.840999999999999,0.3649296425173604,6.0,417.6,0.7587253414264036,9.4721,10000
0.1485955518934728,0.1277262152174429,0.2590282576613568,0.9919934891939746,0.501,6.4,0.3307735381078344,9.0,438.2,0.7125748502994013,10.8539,10000
0.2142188947019604,0.1182680695272187,0.3957922717821652,0.7679618625189111,0.586,7.23,0.3473715675143046,6.8,526.4,0.938566552901024,10.10636,10000
0.2663226588821717,0.1086543539217376,0.5166889669791427,0.910425708980418,0.6250000000000001,7.840000000000001,0.367890749722954,6.8,687.0,1.2399999999999998,10.7078,10000
0.250094955929533,0.0745351208433023,0.4724672135749388,0.8804201472890618,0.734,12.289999999999996,0.3477733459109619,6.6,646.4,1.1144414168937329,11.16572,10000
0.2011422770907904,0.0957937171137045,0.4212810442723737,0.8206783976527279,0.642,9.485,0.3702762051923173,8.4,632.0,0.914330218068536,12.30188,10000
0.2598904094432671,0.1106295455961826,0.4553107743922496,0.8699546516827438,0.6960000000000001,8.056999999999999,0.356774399880968,6.0,569.8,1.0761494252873562,10.8339,10000
0.1756991058958237,0.1344994362190822,0.2590969581083789,0.8110765427916117,0.5619999999999999,6.4510000000000005,0.3820522803687321,8.0,397.6,0.6672597864768683,10.507159999999995,10000
0.171314661328536,0.0486722739684091,0.308569599027787,0.9839452841692088,0.7830000000000001,18.715000000000003,0.403511161250614,8.2,527.8,0.722860791826309,11.13758,10000
0.190327982617276,0.0834643196762917,0.2526146653793302,0.8789491039572381,0.683,11.030999999999995,0.4297044285532698,7.4,353.6,0.63103953147877,11.00636,10000
0.1950775080054227,0.0980271050944672,0.3162289533053113,0.5767836889494123,0.619,8.631,0.3589104293915895,7.0,491.4,0.7964458804523424,10.25658,10000
0.2157590534567388,0.0856276552921266,0.3593552672322206,0.5974428741862635,0.707,10.919999999999998,0.3720765208519657,6.8,522.8,0.8712871287128713,9.665539999999998,10000
0.1995161046452246,0.1007452499505908,0.2849997145875954,0.7759296278401244,0.6199999999999999,8.966999999999999,0.401034283832997,6.8,419.2,0.7629032258064518,9.52434,10000
0.2094366439716272,0.0895720717129958,0.3029538335166613,0.6190254534173738,0.707,10.564999999999998,0.3915418724899023,7.0,429.8,0.743988684582744,10.3201,10000
0.2690270590063987,0.0842190570098737,0.4465065281736031,0.8992775730973059,0.7070000000000001,10.639999999999995,0.3550460419646636,6.2,578.2,1.0396039603960396,11.67996,10000
0.2314168467468272,0.0812174555832999,0.3283121691665365,0.7741497106563402,0.717,11.072,0.3769563414452909,6.2,428.4,0.7880055788005579,10.04176,10000
0.1665765083885041,0.0666783259416806,0.3813572327452881,0.6576728394647544,0.7220000000000001,14.951,0.3859096474667738,9.2,669.4,0.8725761772853186,10.938059999999998,10000
0.2593488678606753,0.109928091724222,0.3566967537807156,0.8797278954215643,0.678,8.237,0.3601403390962775,6.0,439.6,0.8967551622418877,9.60372,10000
0.2615750380387817,0.0952041834176287,0.4707650854403084,0.7146201033774496,0.6809999999999999,9.538999999999998,0.3642115618328917,6.8,622.6,1.1527165932452277,10.10172,10000
0.2432046210722009,0.0920654275135793,0.4190894661136147,0.7712024718040184,0.6950000000000001,9.714999999999998,0.3666601629564275,6.4,553.4,1.064748201438849,11.22062,10000
0.2080490056233174,0.098840765205618,0.2365644371826788,0.9724263030205628,0.635,8.627,0.4046721643308711,6.8,309.8,0.5952755905511811,10.6386,10000
0.2684373271077166,0.0650894583762376,0.516692971805904,0.974128424514823,0.76,13.885,0.3749616266898311,6.8,710.6,1.1355263157894735,10.95528,10000
0.2728048485551101,0.1121870021280296,0.3735284399648475,0.7694094943195701,0.623,7.512,0.356124699164815,6.4,475.8,0.8892455858747994,10.15618,10000
0.2299324290464183,0.1551171200285672,0.3503325376376354,0.9951096448203334,0.542,5.644,0.3553986607755378,6.6,454.4,0.9575645756457564,10.19282,10000
0.1296430601845425,0.0973634168491383,0.1991937771800628,0.7148726826557644,0.584,9.355999999999998,0.3749021945186865,9.6,377.2,0.5462328767123288,10.00218,10000
0.1666645807635201,0.1281778653160273,0.2808248436937862,0.7438202257806013,0.539,6.646000000000001,0.3695566802392463,8.6,460.6,0.7959183673469387,10.55538,10000
0.2270666067295113,0.127049740564495,0.2854463331058242,0.9550671145864532,0.634,6.9300000000000015,0.3795885216211588,6.8,383.0,0.7113564668769716,9.04624,10000
0.1561834735327596,0.1026933598957295,0.3265779394651008,0.5265499063256648,0.5890000000000001,8.823,0.3419178191215228,8.4,576.2,0.864176570458404,10.6832,10000
0.2918812989460189,0.0764624730097596,0.5003298752500083,0.8446686451567343,0.755,11.641999999999996,0.3715686772030162,6.2,587.2,1.07682119205298,10.750519999999998,10000
0.1991757491030722,0.1524351676589217,0.3161301916098182,0.9197622075120272,0.514,5.462,0.357123648060126,8.0,468.4,0.8774319066147861,10.45912,10000
0.2302497852080525,0.1167997963497788,0.2747709543649647,0.9963958391559932,0.619,7.184,0.3617314923039201,6.2,344.2,0.7092084006462035,10.17376,10000
0.1477791735860747,0.0754704752601908,0.3155789886944035,0.5260780957405067,0.706,12.824999999999998,0.374013404203034,9.0,598.8,0.7932011331444759,11.489240000000002,10000
0.1317732448383589,0.1061703897789889,0.1976606866629872,0.7224645387427923,0.5860000000000001,8.544,0.3771011029685338,8.6,367.2,0.546075085324232,10.4486,10000
0.2183873716419123,0.1205217915234861,0.3347459306201341,0.8456288971070934,0.6100000000000001,7.196,0.3535464137907742,6.6,445.4,0.8491803278688523,9.52994,10000
0.1530700450182366,0.108782854418193,0.2520479593705473,0.6189897763664777,0.5890000000000001,8.169,0.3581119279336208,7.8,437.2,0.6468590831918506,10.32484,10000
0.2044364341617016,0.0951521212439061,0.2904865267472822,0.7820717254703133,0.622,9.057999999999998,0.3936534765986803,7.0,420.2,0.7893890675241158,9.203460000000002,10000
0.1281872028832293,0.0867261930274696,0.1837205551230695,0.6941923802959298,0.642,10.878,0.3868247635586055,8.2,352.4,0.5186915887850466,9.84326,10000
0.2518686046931888,0.0679125617981503,0.4707309921444015,0.8109636003889095,0.75,12.989999999999998,0.3771906168109852,6.6,646.2,1.0333333333333334,10.7079,10000
0.2098340087369303,0.0966070494665363,0.2860429743260055,0.822876580345704,0.6990000000000001,9.165,0.3947812565834961,6.4,390.4,0.7010014306151645,10.1234,10000
0.2234051035748091,0.1004390472305536,0.4259385104618962,0.5922332303950333,0.657,9.302,0.3519939392553404,7.4,633.8,1.025875190258752,10.13858,10000
0.2270802153903774,0.100024912126415,0.418515273970242,0.4490656105905941,0.667,9.291999999999998,0.381511154457546,8.0,584.2,0.9190404797601198,11.090039999999998,10000
0.2254514367237187,0.0941577597042469,0.4513281209174082,0.630334876728013,0.653,9.944999999999997,0.3781635366047687,6.8,618.2,1.0290964777947933,10.70594,10000
0.1979636469390982,0.090457641439508,0.4657684918454398,0.9283341705821254,0.657,9.716,0.3642761368392583,8.4,753.6,1.0806697108066972,11.78474,10000
0.3085064746129315,0.0808348776944144,0.4786869281975832,0.8253924038117373,0.702,10.837,0.4070619610360317,6.8,585.6,1.0925925925925928,11.56332,10000
0.2514511236831325,0.1137668109968571,0.3675262716103697,0.9714245412983984,0.629,7.681,0.3454316655131807,6.0,437.0,0.9268680445151032,9.340280000000002,10000
0.1662460773393568,0.0945761190649667,0.2416806685757897,0.6186918248372536,0.623,9.437,0.3814796801124023,8.4,391.0,0.5922953451043339,9.67928,10000
0.2423525203294441,0.0895186910595462,0.4105542252599554,0.6093951854212295,0.6889999999999998,9.843999999999998,0.3970275726970828,6.6,532.0,0.8809869375907116,10.36364,10000
0.1210822919010388,0.0850769232529187,0.1419253661479564,0.9363849753630684,0.623,10.717999999999998,0.3570043374790498,8.8,281.6,0.4077046548956661,9.83052,10000
0.2306441041861127,0.0875757096199661,0.3444719315842779,0.8178485320136192,0.729,10.719999999999995,0.3843102793081373,6.0,439.4,0.8216735253772292,10.29072,10000
0.1798161621120547,0.0896584389452693,0.2952558064603121,0.6891081402028633,0.648,9.919999999999998,0.4239319372987764,7.4,435.8,0.7391975308641976,9.72432,10000
0.1533754422366952,0.1225698567243864,0.2594376150573259,0.8939200998514962,0.53,6.9670000000000005,0.3358484766006855,7.8,452.2,0.7830188679245284,9.66968,10000
0.1794887746936598,0.1039968826894634,0.2160028136028177,0.9032063348942811,0.646,8.778,0.396770018943923,7.0,319.4,0.5789473684210525,10.094039999999998,10000
0.1220566644204239,0.061637258480128,0.3169653215423995,0.7787866972071964,0.6819999999999999,15.449999999999998,0.3659693854353514,9.4,667.2,0.7727272727272729,11.72806,10000
0.1365539378011116,0.1056105024709916,0.3617441608365875,0.7903611770778565,0.576,8.553999999999998,0.3531155284982992,10.0,697.2,0.9236111111111112,10.89324,10000
0.2049125687711303,0.1059643147938379,0.2635233696431704,0.862771468669392,0.628,8.190999999999999,0.375904616491925,7.0,361.0,0.660828025477707,9.4337,10000
0.1555885811415553,0.0651156471173521,0.2713489924332894,0.6964908773616924,0.7289999999999999,14.564999999999998,0.4362999073551554,8.6,507.6,0.6968449931412894,10.35272,10000
0.1530193106881529,0.0818126397189467,0.3145000247794625,0.2111722890290503,0.629,11.502,0.3866626011825663,8.8,566.4,0.8330683624801272,10.585439999999998,10000
0.3178368286169793,0.0744501587169188,0.4816765310280411,0.9649832415317318,0.754,13.028999999999996,0.3460251258055665,5.8,576.8,1.0954907161803713,10.7358,10000
0.281929932735256,0.081111904440713,0.5291838801251051,0.8380868304262076,0.7200000000000001,11.192999999999998,0.3780163103885673,7.2,721.0,1.1208333333333331,10.911980000000002,10000
0.239205513301585,0.142380348984477,0.4012013100955456,0.926510889449986,0.547,5.934,0.3690965828522169,6.8,527.2,1.053016453382084,10.76838,10000
0.1731496494976424,0.0727322018727157,0.2853385763440979,0.5456452220030578,0.713,12.530999999999995,0.3949127426535032,7.6,446.6,0.6844319775596073,9.933560000000002,10000
0.2957751761004601,0.0853728497329146,0.4888098566712999,0.8781492379345678,0.74,11.198999999999998,0.3530755057665521,6.0,591.6,1.0405405405405406,10.95462,10000
0.1963419116424865,0.0937922779929171,0.4172888673474987,0.8584059916540537,0.64,10.043,0.3534973730397254,7.4,649.6,1.0875,11.938300000000002,10000
0.1516784664173339,0.1131908049817706,0.2201695654713091,0.8889332137003509,0.533,7.919,0.3467449158960531,9.4,382.8,0.5966228893058161,10.793940000000005,10000
0.2485081294179909,0.1064414879997571,0.3514075954475519,0.7767522492388683,0.646,8.196,0.3784194987717068,6.2,447.4,0.8916408668730649,10.2022,10000
0.2281912084243283,0.1174558394451489,0.3376462175162749,0.88821791695495,0.5599999999999999,6.695,0.3807803863265127,6.6,443.2,0.8946428571428573,10.536600000000002,10000
0.1258980857388859,0.0683063666362171,0.195186450960217,0.7412994764933266,0.691,13.799999999999995,0.3797454883639435,9.0,372.6,0.4819102749638205,9.44932,10000
0.2263955114019913,0.084673352714969,0.3931082890909441,0.4722320775706617,0.709,11.748,0.3744814365575239,7.2,551.8,0.8913963328631878,10.09538,10000
0.1914875776746399,0.1056183175569355,0.2397889029267849,0.924420521916657,0.612,8.042,0.3734710588763209,7.4,352.2,0.6225490196078433,9.057940000000002,10000
0.2658881766377312,0.0731631658226792,0.4707898284977445,0.9487821885784048,0.7929999999999999,12.575,0.372350155740763,6.2,616.0,1.0239596469104666,10.8485,10000
0.23936477647495,0.1121685550733897,0.4902843651355001,0.9285349432722726,0.657,7.947999999999999,0.3600148755329295,7.4,679.4,1.0669710806697106,11.93194,10000
0.1423482918194885,0.0723815949689914,0.3148123408801446,0.8865897334705378,0.675,12.503999999999998,0.3716562303795209,10.4,624.4,0.7703703703703704,12.34044,10000
0.1915230503454807,0.0783194677333864,0.251071707062904,0.9141831797846404,0.729,11.717999999999998,0.4158877902674442,7.2,371.6,0.5953360768175584,9.26158,10000
0.209648183268287,0.090640048441638,0.3821658835181956,0.6776108659043637,0.704,10.537,0.413689411974271,6.8,559.8,1.0000000000000002,10.08174,10000
0.2100921454862594,0.1029479106114918,0.4198633432767822,0.602918579095876,0.631,8.834,0.3606904340955359,7.8,641.4,1.0031695721077654,11.01918,10000
0.1920143987670922,0.1041523555155217,0.3028106419910275,0.5566154252069697,0.617,8.517999999999997,0.3863357860306939,7.4,456.6,0.7893030794165317,10.5478,10000
0.2098472822037063,0.0637210238698247,0.3384381410244306,0.827332254940313,0.781,14.539999999999996,0.3800167529549788,6.6,502.6,0.7580025608194622,10.00942,10000
0.1321792035355724,0.0837764643538106,0.2287669247347282,0.5266451927580372,0.615,10.797999999999998,0.3588549268294917,9.8,458.0,0.5869918699186992,9.69676,10000
0.1992401695293345,0.0572245138884359,0.3268023759075561,0.8531724925616425,0.781,16.903,0.3901223327629454,7.4,498.4,0.7580025608194622,10.63194,10000
0.2629993809399833,0.0682932187425032,0.4206096208334913,0.908499998870159,0.785,13.532999999999998,0.3633535258523009,6.0,527.4,0.8853503184713376,10.3309,10000
0.1775712361385396,0.0774028022354732,0.2986738597667549,0.6651576331319297,0.726,12.139999999999995,0.4019395088738928,7.2,489.4,0.7203856749311295,9.38856,10000
0.2847110556249686,0.1089073252022851,0.4375148185336428,0.7428945988338742,0.6599999999999999,8.04,0.365930210827112,6.4,524.4,1.0575757575757578,10.09406,10000
0.1960937375102563,0.0681578681983916,0.3391403692588735,0.711982961600017,0.741,13.558999999999996,0.4302169514649477,7.6,494.2,0.736842105263158,10.154320000000002,10000
0.1872666171705929,0.0680675217885579,0.2802728646584251,0.7316352273976107,0.717,13.005,0.4136216383978304,7.8,413.4,0.6959553695955369,9.44024,10000
0.2929147136492003,0.1115884730880653,0.4852515562284347,0.9808453727321482,0.6769999999999999,8.318000000000001,0.3403636125758468,5.6,588.0,1.1418020679468244,10.60954,10000
0.119098324028339,0.1034164492280387,0.2602145248275476,0.8369548339601773,0.548,8.782999999999998,0.3291281807108398,10.8,553.8,0.6952554744525548,10.55414,10000
0.2478862372869477,0.1264980357444298,0.3967579701031767,0.946965756535496,0.609,7.032000000000001,0.3278763663758288,6.2,509.4,1.019704433497537,10.83012,10000
0.1945192468454922,0.0842960613747195,0.4585851256983975,0.8963795063340928,0.6679999999999999,10.163999999999998,0.3654538261726576,8.4,761.8,1.0583832335329342,11.60714,10000
0.1399855787455365,0.0720273925566479,0.2498857014937638,0.425180003149193,0.6849999999999999,13.550999999999998,0.3956313094141305,8.2,464.2,0.6481751824817518,10.33232,10000
0.1395740829250834,0.0652162589772753,0.3122172513466714,0.4751023168804764,0.692,14.560999999999998,0.3496264946522969,9.0,611.6,0.7369942196531793,10.64834,10000
0.2751577033084957,0.0996453563384002,0.3551514051994975,0.9846659623761914,0.7089999999999999,9.295999999999998,0.3397053085363248,5.6,408.8,0.8180535966149507,10.07246,10000
0.1960883148981538,0.0752647176186211,0.3860891756182237,0.4767595651253835,0.717,12.422,0.3640413805297337,7.4,579.2,0.8967921896792189,10.32124,10000
0.2453672684234539,0.0871734052065836,0.4584242294416237,0.8899768077621806,0.6990000000000001,10.368,0.349740447526874,7.0,644.6,1.090128755364807,11.836479999999998,10000
0.1840224432195722,0.0624786016392224,0.2874213649335772,0.8476488042218161,0.7769999999999999,15.442999999999998,0.4162444219731163,7.6,450.6,0.6795366795366796,10.1716,10000
0.2254160740741522,0.0629822807766808,0.4135593772098014,0.7631727843060864,0.758,14.983999999999998,0.3899077753425319,7.0,612.6,0.9116094986807388,10.17676,10000
0.2373397528504952,0.0755358322347898,0.4154877162309234,0.6614520819666017,0.739,11.624999999999996,0.3814464687473337,6.6,562.4,0.9106901217861976,10.12004,10000
0.1151718609728778,0.0561054856682973,0.181656147413328,0.830820658923872,0.7220000000000001,16.572999999999997,0.4006703068603281,9.6,395.4,0.5277008310249307,10.27,10000
0.1315090882135751,0.0832977526400809,0.2590504187172773,0.2907713855774606,0.69,11.647999999999998,0.3860444886372211,8.8,499.6,0.6202898550724637,9.96788,10000
0.1307724365603006,0.0540963463272332,0.206414081543847,0.8801225783395077,0.723,17.618,0.3814519313514819,9.6,424.6,0.4937759336099586,9.59892,10000
0.238845882057216,0.0813937852841749,0.3542320602984719,0.7890958564831637,0.736,11.303999999999998,0.3801971817744006,6.2,452.8,0.797554347826087,9.83308,10000
0.2525459791887561,0.0827134051755679,0.3900625107455306,0.745885138242135,0.7170000000000001,11.222999999999995,0.3570317727270356,6.2,474.2,0.8898186889818688,10.61458,10000
0.1798673258251392,0.068640991695068,0.2460120046259531,0.8051984091835831,0.752,13.133999999999997,0.4127529140807056,7.6,387.4,0.615691489361702,10.04248,10000
0.2500823462389452,0.0714544889493095,0.415961766828386,0.8234076184753415,0.7709999999999999,13.413999999999998,0.3865054895107926,6.4,567.4,0.9351491569390402,9.92746,10000
0.2207983802026804,0.1103194333748504,0.3417068363655504,0.6362813903764081,0.62,7.864,0.3638566873210341,7.0,481.8,0.9129032258064516,10.21126,10000
0.2337194800334802,0.06687747073638,0.4702011306402275,0.9529805594080754,0.764,13.965,0.3906683505869096,6.8,681.2,1.119109947643979,11.06992,10000
0.25490477521659,0.125494975852126,0.4298318516776024,0.882109573723093,0.592,6.495000000000002,0.3433487410117213,6.8,539.8,1.0760135135135136,11.00628,10000
0.2109771164962846,0.1014061721280729,0.3712572435433779,0.4447139241140272,0.6479999999999999,8.943999999999997,0.3744435917267463,7.4,537.8,0.9027777777777778,10.14044,10000
0.2021122278347931,0.0876612075159229,0.2705943147515917,0.7549017666059196,0.6529999999999999,9.882,0.3921064578703379,7.2,357.8,0.6707503828483921,9.81942,10000
0.1787532031333833,0.0872194771893162,0.4223834710449647,0.9177500758599808,0.6559999999999999,10.619999999999996,0.3481869649861713,9.0,730.2,1.0289634146341464,11.97892,10000
0.2380477778714605,0.0881233730844203,0.4702569076708021,0.8943181663537332,0.7030000000000001,9.846,0.3665699064911709,6.8,641.8,1.018492176386913,11.924740000000002,10000
0.1846515281307857,0.0737703397390273,0.3480607559219898,0.5061723050278916,0.706,12.274999999999997,0.409415529162174,7.4,546.0,0.8045325779036827,10.56064,10000
0.1364288529963286,0.0702590590023329,0.2516979128190261,0.4238876599519343,0.6799999999999999,13.303999999999998,0.3863090926025805,9.0,481.6,0.6308823529411764,11.0573,10000
0.1530016363775438,0.0629225095827864,0.213257309022417,0.8582754833185747,0.744,15.052999999999995,0.3934629570752828,7.8,371.2,0.543010752688172,9.6956,10000
0.267935331861891,0.0722690535146873,0.4270985461261941,0.7951108652262524,0.75,13.297999999999998,0.3671080382187363,6.2,554.0,0.964,10.3813,10000
0.2503556374162293,0.0995041899211915,0.3602155627206425,0.947249387432461,0.682,9.151999999999996,0.333128485277705,5.8,434.6,0.9090909090909092,9.76936,10000
0.2119449285716483,0.0765054415353714,0.337826712829172,0.7003087901210957,0.7170000000000001,11.291,0.3813770089862821,6.4,466.6,0.7782426778242677,9.84892,10000
0.2790197190727582,0.0798834432346487,0.4239219403125966,0.8090912662164893,0.753,11.499,0.3824428572402442,6.2,546.2,1.053120849933599,10.43016,10000
0.1143620031927672,0.0636763834970949,0.2425906259120683,0.6213525553874081,0.67,14.076,0.3748899614458555,11.0,549.6,0.6402985074626866,10.1997,10000
0.2379177049483856,0.064795839341302,0.2956194943125799,0.9782722296257284,0.762,13.991,0.3961008472115176,6.4,382.6,0.6968503937007874,9.615379999999998,10000
0.2457324575613635,0.1192839452900611,0.481877327000725,0.9853217678536248,0.5930000000000001,6.934,0.408808050852982,7.2,648.8,1.2310286677908937,11.3464,10000
0.1853328615994256,0.0671420942872041,0.3624585051122725,0.6822107887667771,0.692,13.472,0.3896706865033124,9.0,617.4,0.8598265895953758,11.872040000000002,10000
0.1857556167513283,0.0914772909105375,0.4177428605802292,0.9401890035351737,0.6319999999999999,10.271999999999998,0.3514179988721092,8.4,698.4,1.0126582278481016,12.27868,10000
0.3263013519831415,0.0843782406008608,0.5220623184654208,0.977491817141104,0.742,10.485999999999995,0.3586443233398957,5.8,609.2,1.1576819407008088,11.04738,10000
0.2659125476456924,0.1305066720181225,0.4002165316830766,1.0007205366771634,0.601,6.681,0.3243201268180212,6.2,532.0,1.1031613976705492,10.75478,10000
0.1333389293347095,0.1036981132173839,0.2366083137022655,0.5942366817114059,0.5900000000000001,8.789999999999997,0.3990991039694038,9.0,431.0,0.6440677966101694,9.93704,10000
0.2708684569057702,0.0879255853340099,0.3293919175095048,0.9251523698871312,0.713,10.707999999999998,0.3486202038542913,6.0,397.2,0.8330995792426368,9.611160000000002,10000
0.2447156840041814,0.1132667060440237,0.3258724805299122,0.8383753693203181,0.6799999999999999,8.252999999999998,0.3927682015733693,6.2,408.0,0.8102941176470588,10.18396,10000
0.1547498589538413,0.0926612578987546,0.3012651365671712,0.2091101400343307,0.6629999999999999,10.254,0.3755786339712411,9.0,534.8,0.7435897435897436,9.90548,10000
0.2152637230394395,0.1037850258438841,0.3056829261259363,0.7544445903480186,0.683,8.948999999999998,0.3743577797607539,6.4,417.4,0.7496339677891654,10.02762,10000
0.1577148461236322,0.0933085555682981,0.3868034734046873,0.8261405275794937,0.582,9.178999999999998,0.3463051245879731,8.8,714.2,1.0395189003436427,11.22112,10000
0.1912427433720577,0.1054026388147504,0.2596652254102589,0.9247504415871344,0.65,8.448000000000002,0.4002732028834431,7.0,352.0,0.6246153846153847,9.23898,10000
0.2260153295652623,0.0990443401207653,0.361192418228773,0.6713801591408937,0.6679999999999999,8.948,0.3750260315634559,6.4,488.2,0.8278443113772455,9.90874,10000
0.1364726832050111,0.0559514120120734,0.2087715162629209,0.8730820895100894,0.746,16.506,0.4139701793436772,9.4,416.8,0.4959785522788204,10.08924,10000
0.1677009465331323,0.1257324903173209,0.3111721571995099,0.7501845106058045,0.553,7.101000000000001,0.3568775271149274,7.8,474.8,0.7866184448462928,11.00218,10000
0.162048467499587,0.0544664014584506,0.3035227017247108,0.8616007734653616,0.775,17.685,0.4050080257037513,8.0,529.8,0.7096774193548387,10.101400000000002,10000
0.2637191460964672,0.087998675597579,0.4737104893488426,0.8840827537746787,0.7369999999999999,10.335999999999997,0.3893724531377287,6.4,604.4,1.1166892808683857,11.34994,10000
0.2895347416062466,0.0819259753603387,0.449068805964944,0.9445217990640692,0.7740000000000001,11.303999999999998,0.3622784630182999,5.8,527.8,0.96640826873385,9.67372,10000
0.158702000816769,0.0682661416118744,0.4037999712014982,0.8989174147339969,0.729,14.085,0.3812519918326301,9.4,715.4,0.9204389574759946,11.8365,10000
0.2067107325974013,0.1417813194447549,0.3107016290209356,0.8484955519996163,0.548,6.127999999999999,0.3796776107481269,7.4,446.6,0.8594890510948905,9.95996,10000
0.1355772252874293,0.1131533555048559,0.2071135543038033,0.9516132162388012,0.525,7.728,0.377295412117773,8.2,368.2,0.6285714285714286,9.40186,10000
0.2436047043929641,0.0695182991015159,0.4864686865040641,0.862233996914598,0.75,13.621,0.3691573401083609,7.0,666.8,1.0813333333333333,11.18348,10000
0.1353726539949605,0.0515684923489526,0.1949083584386157,0.9810479576416468,0.743,17.871,0.4143553007973692,9.4,391.2,0.5181695827725438,10.12782,10000
0.1129951598301393,0.0788747681115759,0.2023953873414409,0.5621880951751052,0.632,11.858999999999998,0.366722240086789,10.2,460.2,0.5411392405063291,9.6796,10000
0.3223571783890944,0.1022334676927181,0.4962716707617689,0.8716984370080194,0.672,8.383,0.3744639477689766,6.0,555.8,1.1086309523809523,11.139600000000002,10000
0.1427259403803715,0.0816810209494577,0.1798947258662771,0.8884254358569492,0.635,10.521999999999998,0.4227045614196345,9.2,335.0,0.5023622047244094,9.46666,10000
0.1417139369935546,0.0889453769113442,0.3883998815110944,0.96905459221374,0.6060000000000001,9.764,0.3442309179775268,9.2,740.2,0.9570957095709568,11.984839999999998,10000
0.1410178827846279,0.0624681083809824,0.2669421668727826,0.6867698097963594,0.757,15.111,0.4073075062769012,9.6,513.2,0.6406869220607662,10.68988,10000
0.2582058668610794,0.0664780097361546,0.4830824744232125,0.9091666138036306,0.7819999999999999,14.441999999999997,0.3683032608092962,7.2,671.0,1.0294117647058825,11.0646,10000
0.200985983667466,0.0899191725602416,0.3542487000876183,0.4918414173123229,0.683,9.954999999999998,0.4056401246774198,7.4,507.2,0.7906295754026353,10.69282,10000
0.1563160665193178,0.0953827447825666,0.2892906606791187,0.5603889674253467,0.581,9.121,0.3601454574261996,9.4,481.6,0.7452667814113597,11.09316,10000
0.1236142149871879,0.0810824902072819,0.2283090142008721,0.4629167291949623,0.618,11.352,0.363773640944356,9.6,460.4,0.5922330097087379,9.800900000000002,10000
0.2708341010852612,0.0865406066200739,0.3574101622368064,0.9641866089136656,0.726,10.258,0.3592860014580349,5.8,419.4,0.856749311294766,9.36774,10000
0.2530488224175529,0.0802302605755252,0.3728374344407345,0.752525217366162,0.721,11.342999999999998,0.3926931608012231,6.2,483.8,0.9029126213592232,9.94362,10000
0.2207562726462812,0.064738926772621,0.327482799121453,0.8518170990550308,0.794,14.676999999999998,0.3806173467138784,7.0,461.6,0.7556675062972291,9.89236,10000
0.2064252234885715,0.1227492124842821,0.3724325579155789,0.734536210215414,0.6060000000000001,7.435,0.3498688177367938,7.2,536.4,1.0049504950495047,11.12394,10000
0.1553163624537109,0.0788344105392144,0.2977487239263615,0.3457145310621587,0.6380000000000001,11.499,0.4067237148823889,9.2,543.2,0.7351097178683385,10.78412,10000
0.1446739742746794,0.0701446750406537,0.2965596293962857,0.4750868934275163,0.682,14.057,0.3845619719327326,9.4,573.8,0.752199413489736,11.229319999999998,10000
0.2084970980110486,0.0890119579890199,0.3580846630368463,0.547465243078992,0.702,10.349,0.3998500779198088,7.0,532.0,0.8903133903133904,10.4858,10000
0.2253189708967329,0.0798520073683773,0.2631290933514671,1.001733915387113,0.75,11.701,0.3714235260485355,6.0,347.2,0.6453333333333333,10.184500000000002,10000
0.2311445924054787,0.0698522596517171,0.3888572982781329,0.7837573795652706,0.752,13.596999999999998,0.3988643801245797,6.6,529.0,0.904255319148936,11.00172,10000
0.2785415886280129,0.1046779290211399,0.4272736948205378,0.7834339255642728,0.6519999999999999,8.673999999999998,0.3440978665556994,6.2,510.4,0.99079754601227,10.64822,10000
0.2346313440052595,0.1177439000481238,0.413506806656205,0.5733980705334194,0.633,8.008999999999999,0.360151726080352,7.6,583.6,0.9652448657187994,10.95106,10000
0.2671883953588388,0.107143336640352,0.3390798925772363,0.9802508663501772,0.689,8.323999999999998,0.3632675352788869,5.8,401.2,0.8084179970972425,9.402459999999998,10000
0.2189655556424582,0.0848779285397381,0.3008768336536065,0.8539778224129831,0.732,11.642999999999995,0.3996020548945925,6.4,405.6,0.7295081967213114,9.65364,10000
0.2122894523240498,0.1193618666026043,0.2913386223988853,1.0004325301442802,0.589,7.553,0.332323512772896,6.2,388.0,0.765704584040747,10.04402,10000
0.1534267063140542,0.0968186690322883,0.3550870109676833,0.771920969466668,0.617,9.214,0.3659859690372879,9.4,655.0,0.8978930307941653,11.94204,10000
0.1537130455495955,0.063853643749571,0.3496303606643665,0.6713991095696875,0.703,14.481,0.3933037623903038,9.6,666.6,0.8122332859174966,11.2266,10000
0.2105750366289206,0.1358401681806011,0.3972295612006519,0.8566767695135136,0.5349999999999999,6.593000000000001,0.3836679941079595,7.8,577.0,1.0504672897196263,11.098020000000002,10000
0.2281521791058329,0.0842178895643219,0.4120155281362783,0.6666300786495704,0.7020000000000001,11.157,0.4061211250915204,6.8,569.0,0.9316239316239316,11.05858,10000
0.1946519462432704,0.0980593842932767,0.3061923002902462,0.5758090736704903,0.6609999999999999,9.37,0.3834370305735911,7.0,444.0,0.8184568835098337,10.2702,10000
0.1452648062316134,0.1193773113204163,0.2849889540694949,0.7270526495394909,0.54,7.772,0.3388955208445808,9.2,521.8,0.811111111111111,10.82558,10000
0.189039348120352,0.0899567232847394,0.4323728871631659,0.7956965585294901,0.6519999999999999,10.197999999999997,0.3545297439708833,9.2,718.0,1.003067484662577,11.6076,10000
0.279945480332972,0.0843621302476702,0.4828208250790478,0.7178817943374439,0.6960000000000001,10.7,0.3666156338307724,6.4,611.4,1.0387931034482758,10.73264,10000
0.1611047546864709,0.0609763092040664,0.2990354699168689,0.5701360247753737,0.727,14.807999999999998,0.3975813261691167,8.8,538.0,0.6850068775790921,11.121860000000002,10000
0.2101168963234873,0.0816285322966385,0.2723521386306495,0.8243482182674994,0.709,10.914999999999996,0.3781926076026254,6.6,362.8,0.6403385049365303,9.9726,10000
0.1939236123635259,0.1364649780106376,0.3587569139961995,0.8488876220792407,0.5370000000000001,6.434,0.3454619343852378,7.8,553.4,0.9571694599627556,10.98306,10000
0.1667546160323918,0.0661837967743667,0.2694361405142295,0.7549589916023091,0.7250000000000001,13.297999999999998,0.4296202479158442,8.0,434.2,0.6758620689655171,9.60846,10000
0.121944314626947,0.0562156723539429,0.2632897488417513,0.930327585915904,0.716,17.115999999999996,0.3618916561551801,11.0,554.2,0.6201117318435755,11.424799999999998,10000
0.2866732579970847,0.0704653449899315,0.406327662481021,0.9865522258772298,0.785,12.962999999999996,0.3927291301956616,6.0,463.2,0.8738853503184713,11.1829,10000
0.2026296448485252,0.0914557176719388,0.3286461667706808,0.572680778751241,0.71,9.877999999999997,0.372347429213344,7.0,460.2,0.7394366197183099,10.46468,10000
0.2040926694123904,0.0937708829245937,0.3453863960649518,0.3353109122024412,0.6679999999999999,9.954999999999997,0.3749594855968975,7.6,520.4,0.8173652694610779,10.4226,10000
0.1802602317556405,0.0652317906272531,0.3550403949347836,0.4443023291197848,0.717,13.509999999999996,0.3966755106622415,8.4,600.0,0.8633193863319386,10.52564,10000
0.3181820404480255,0.0859506883285,0.5899472942729241,0.9572749321494894,0.7150000000000001,10.461,0.3684846825080604,6.6,705.2,1.2307692307692306,11.12278,10000
0.2711694571257914,0.0732024803344226,0.411795471431537,0.8300229175486877,0.763,12.665,0.3386691201798927,6.4,503.8,0.8990825688073394,10.26022,10000
0.2216226673208977,0.1422565822978682,0.345608188053031,0.9420736207295723,0.5469999999999999,5.75,0.3653953517994405,7.0,453.4,0.9085923217550276,9.65722,10000
0.1312731558686323,0.0800040292555535,0.1799007580068573,0.8338859580554249,0.625,11.166,0.3785072278351757,9.0,340.0,0.5024,9.1223,10000
0.2722978626966927,0.1495373871149833,0.4247635413969166,0.9856306265997042,0.594,5.787000000000001,0.3530135844368322,6.2,517.2,1.138047138047138,10.02612,10000
0.2091906313676795,0.0653563120104991,0.3482637584118104,0.5464128063769557,0.736,13.81,0.3785344163077819,7.4,519.8,0.8070652173913044,10.61266,10000
0.2257510462856701,0.1233154532260062,0.4457440030384818,0.914163218650845,0.576,7.228999999999999,0.3343730879253469,8.0,671.8,1.0850694444444446,11.28164,10000
0.2141821787609957,0.145663966285947,0.3793786128903026,0.9878946363518454,0.523,5.8260000000000005,0.34877494692198,7.6,536.6,0.9904397705544932,11.42034,10000
0.1480747118310525,0.1186432357528328,0.3172692050264228,0.944349489131346,0.5130000000000001,7.655000000000001,0.3381969356784286,10.2,577.4,0.8557504873294345,11.311380000000002,10000
0.2837755515859697,0.0725951502372395,0.4227542331771277,0.8347142308874497,0.753,12.822,0.3700860884815091,6.0,509.0,0.9389110225763612,10.5818,10000
0.2142222217151351,0.0668805220771958,0.4043321239398544,0.6191822863556737,0.731,14.739999999999998,0.3784077306407035,7.6,625.0,0.9165526675786596,10.55948,10000
0.1622854472958353,0.091909320310472,0.3443771409872586,0.4865856519950155,0.643,9.828999999999995,0.3712761327111644,8.4,628.8,0.8646967340590981,11.27636,10000
0.1809119125794387,0.0753661539511623,0.4117290076017499,0.5698223635321893,0.702,12.636999999999995,0.3797968866626585,9.0,684.6,0.8917378917378919,10.99172,10000
0.2736858394083864,0.1118421640836909,0.3933933269965596,0.9347377617285946,0.641,7.458,0.3504471135184228,6.0,458.8,1.0249609984399377,11.08812,10000
0.2026229068629397,0.0789315424033443,0.4357331666640436,0.789479569766261,0.696,12.535999999999998,0.3360515628062123,8.8,676.4,0.9554597701149428,11.7169,10000
0.2524633419105373,0.0930861412382214,0.4527737544114611,0.7846667162484368,0.6910000000000001,9.903999999999998,0.3464498275591191,6.2,596.6,1.0303907380607813,9.9675,10000
0.2664079967033455,0.0848557358695068,0.3016812454050487,0.967876075818054,0.713,10.587999999999996,0.3642360623544722,5.8,357.0,0.6872370266479664,10.290780000000002,10000
0.23306748665675,0.1038262497464224,0.3534457643029882,0.5993304994322305,0.634,8.131,0.3923585486895438,7.0,490.6,0.8675078864353313,10.39404,10000
0.1064088694591937,0.0832026797167475,0.2052353391498978,0.915872023938876,0.5959999999999999,11.432,0.3384604297665564,11.8,468.2,0.5436241610738256,10.71192,10000
0.2380429177502003,0.1131904710932711,0.420316528149135,0.8174758068928003,0.646,7.947999999999999,0.3568725302687233,6.4,563.8,1.0603715170278636,11.18522,10000
0.1920022946609796,0.1109150732197585,0.3408819348538328,0.6792469868171931,0.609,7.673,0.3629366818365342,6.8,495.4,0.9014778325123152,10.23588,10000
0.2631898093771669,0.1110979768427286,0.4547581632124813,0.8349585948209766,0.619,7.268000000000001,0.3690430572169599,6.4,568.0,1.1001615508885298,10.92252,10000
0.2062710108830796,0.0683222963760144,0.314786538660458,0.8697603736341947,0.772,14.029,0.4052329806425238,6.6,448.2,0.7020725388601037,10.02404,10000
0.1899678204004671,0.1488209167271632,0.3828592966295318,0.9965529511532764,0.502,6.025,0.3575247405092673,7.8,585.4,1.091633466135458,11.0235,10000
0.1374480017513417,0.0758197779128499,0.2339445144753225,0.5276030268950535,0.659,11.518,0.4081734688856516,9.8,453.0,0.6145675265553869,9.856979999999998,10000
0.1996426669814545,0.1012642303855364,0.4092524462760931,0.7719654755578068,0.641,9.047,0.3775445408608466,8.0,644.8,0.982839313572543,11.948339999999998,10000
0.2568693635695112,0.0681441288291033,0.3110553769986725,0.9977793959619444,0.772,13.465999999999998,0.4012601598026317,6.0,398.6,0.7629533678756476,10.1606,10000
0.1765452160894606,0.0542563116166714,0.2948228591675687,0.9624006410199722,0.792,17.406,0.3856804737514009,7.2,463.6,0.6729797979797979,9.89038,10000
0.3076189643745248,0.0727613472377429,0.5096111226253688,0.9949384931444794,0.7569999999999999,12.006999999999996,0.3990471245772291,6.2,623.8,1.194187582562748,11.25074,10000
0.1752733751251802,0.0625286146218779,0.280931049854806,0.9262730076370004,0.7769999999999999,15.170999999999998,0.4278900952096781,8.0,434.4,0.6447876447876449,9.53066,10000
0.2591459035906504,0.0672628811337304,0.3412327859325786,0.9873586648180384,0.767,13.598,0.3749858843269936,6.0,414.0,0.6910039113428944,9.53664,10000
0.1552055420020002,0.1096399950009606,0.2174589333689304,0.7805850888107745,0.569,7.943,0.3679287283339249,8.8,371.4,0.601054481546573,9.84002,10000
0.1850503999503372,0.1061788941978488,0.3010202311224875,0.6331662705444556,0.6180000000000001,8.597999999999999,0.3612610623239271,7.2,492.4,0.7475728155339805,11.255959999999998,10000
0.1575132906240346,0.1375727452021774,0.2895646397472963,0.8147373682562726,0.5189999999999999,6.51,0.381419603153566,8.4,487.8,0.8477842003853566,9.84602,10000
0.1650412772825172,0.0954779176140483,0.3210665731395578,0.3262014849806092,0.6279999999999999,9.597,0.3811370948845307,7.8,545.0,0.8073248407643314,10.347739999999998,10000
0.1689332265819211,0.0612205005746128,0.3243831917281947,0.6270013252452212,0.757,15.251,0.3972579239925868,8.2,569.6,0.7661822985468956,10.58888,10000
0.2116763707915758,0.0772976787505813,0.3020533150352077,0.910715090543232,0.746,12.191,0.3988126230358734,6.6,419.4,0.6890080428954424,9.11204,10000
0.2259633658458403,0.1421839673073474,0.3654136809365949,0.9016136729278924,0.5599999999999999,5.938000000000001,0.3492889557083906,6.8,489.0,0.9678571428571432,10.35272,10000
0.2662217602350179,0.0836336579899007,0.4901839522784553,0.7966515943029677,0.725,10.914999999999996,0.3630983691731454,6.6,639.8,1.1613793103448276,10.22426,10000
0.1825964581184699,0.0675262287745042,0.3861755593069409,0.5350989041451046,0.705,13.44,0.3966773397596275,8.8,632.8,0.9290780141843972,11.0153,10000
0.2251089041290958,0.1472204270567507,0.3729978092017509,0.9689527624370916,0.555,5.898999999999999,0.3258920694615315,7.0,497.2,0.935135135135135,10.87372,10000
0.2688455938180557,0.0928040005425823,0.3191136798779828,0.9208575612371934,0.716,10.06,0.3753958245389144,5.8,385.4,0.7946927374301677,10.27756,10000
0.2665839225351458,0.0856523841278469,0.4792662907594582,0.7316910452231322,0.7150000000000001,10.191999999999998,0.3569222828728725,7.0,627.4,1.06013986013986,11.14682,10000
0.2208461292521971,0.1256894461742554,0.3496437762544341,0.7229439862038888,0.607,7.292,0.4039469647775425,7.0,485.8,0.9093904448105438,10.04706,10000
0.1054297925276445,0.0770526844762185,0.1587016401659728,0.962051189053166,0.594,11.484999999999998,0.3365825533851436,10.6,368.0,0.4764309764309764,9.25776,10000
0.1289842807318833,0.0868053331592744,0.297766519995092,0.9188205008651212,0.5919999999999999,10.337999999999996,0.3177191315060707,11.0,617.6,0.7483108108108109,11.42076,10000
0.1434491334878264,0.113940742719425,0.1877416364271121,0.9371725090794988,0.54,7.439,0.3725745475955153,8.6,336.6,0.5425925925925926,10.06188,10000
0.1405054090745091,0.0654182820403567,0.2007918956033666,0.7904509919842653,0.725,15.062,0.402888801386402,8.8,375.6,0.4827586206896552,10.13542,10000
0.2202545996658439,0.1362542202091834,0.4487017379737754,0.8906797504267886,0.5640000000000001,6.543000000000001,0.3578177999962366,7.4,634.6,1.150709219858156,10.856599999999998,10000
0.1064996243269538,0.0563615170348737,0.2700298459219297,0.9837571267693138,0.679,16.071999999999996,0.3246792720507782,11.6,625.8,0.6524300441826214,10.57116,10000
0.2698868565852351,0.0834676370957116,0.3806411536201627,0.8584301897164064,0.7379999999999999,11.124999999999996,0.3647326441690982,5.8,479.8,0.9539295392953931,10.12088,10000
0.2308694861991393,0.1442355640858133,0.3919552057540771,0.9407278326669584,0.5359999999999999,5.961,0.3456267486445843,7.0,551.6,1.0055970149253732,10.71484,10000
0.1239716274954638,0.079273131061145,0.1929581725969734,0.7275039464573767,0.629,11.046999999999995,0.3705261353933582,10.2,395.2,0.4944356120826709,9.4651,10000
0.1917596115628091,0.123518657906106,0.2562072859764592,0.9112826345121052,0.593,7.523000000000001,0.3550667502249315,6.8,362.2,0.7234401349072512,9.86896,10000
0.297280666263247,0.1279597516385306,0.4631141127252621,0.9944018856999344,0.619,6.288,0.3391233006112941,6.0,537.6,1.0064620355411955,11.194,10000
0.1656027714338296,0.0698964372741605,0.3420239852624975,0.7369989302333103,0.697,13.390999999999996,0.3656423644256906,8.0,570.0,0.8120516499282642,12.10894,10000
0.1905643350419315,0.1598056717649212,0.3284929980201295,0.9281263724613066,0.516,5.5920000000000005,0.3521692259347374,7.6,478.0,0.8527131782945736,10.44386,10000
0.2632612353057004,0.0815952502680461,0.4487573688365617,0.759350398841105,0.7040000000000001,11.499,0.3936162303856223,7.0,594.6,0.9985795454545452,11.67232,10000
0.2155370683702188,0.1093216492486542,0.3128383268908111,0.6646704254528689,0.638,8.102999999999998,0.3942782649438544,7.2,422.4,0.7836990595611285,10.01778,10000
0.1947020635921525,0.0694802755649746,0.2523824645594538,0.8448281957050212,0.732,13.524,0.388260590313602,6.8,380.8,0.6243169398907104,9.723400000000002,10000
0.1891196532549801,0.0589133249204572,0.2892315298032244,0.8185802021346676,0.744,16.340999999999998,0.3893253667137614,7.0,444.6,0.6841397849462365,10.30988,10000
0.2317065398364529,0.1468270051731904,0.3397442793810128,0.8612645881884086,0.592,6.143000000000001,0.378169399379456,6.6,444.0,0.8783783783783784,10.08612,10000
0.1644332163770706,0.1428724603159586,0.2088205032143444,0.996112654637452,0.557,6.521000000000001,0.3899884446351451,7.4,349.2,0.6068222621184919,9.65354,10000
0.2353524556518925,0.069682455480746,0.3043839591741046,0.859762412527353,0.734,12.852999999999998,0.3928697882398494,6.6,395.6,0.6920980926430517,9.5157,10000
0.1832773432675876,0.1018214180117672,0.3093387482423206,0.4603344222218986,0.633,8.898,0.3726148168554527,7.6,481.2,0.7551342812006319,9.93138,10000
0.2368873578394435,0.1090945486428098,0.4980158351360345,1.0015532909822054,0.612,7.923,0.3568227114803605,7.4,700.0,1.2026143790849673,11.76054,10000
0.2123002693935326,0.0917442737423768,0.2898463467085615,0.7609488923681353,0.658,10.195999999999998,0.3605063694769685,6.6,404.8,0.7355623100303952,9.55852,10000
0.171105203991835,0.1042643323847019,0.2933078447320931,0.5066301618833788,0.6129999999999999,8.145,0.3699933473068005,7.8,470.8,0.7292006525285483,10.06366,10000
0.1644816282772983,0.0947793475365396,0.2611067568781048,0.6043266494490196,0.667,9.266,0.3829203245855095,7.6,404.6,0.6371814092953523,9.84748,10000
0.2351695182615916,0.1023586488384136,0.408383498232622,0.6513882340166406,0.6340000000000001,8.291999999999998,0.3569399737611686,6.8,548.8,0.9921135646687697,10.62654,10000
0.1597026063538142,0.0644458935864349,0.3744923568399149,0.6988423917248736,0.724,14.781,0.3884946674335706,9.2,687.8,0.8549723756906078,11.01918,10000
0.186978042895833,0.1290654199094069,0.3143530005854218,0.9126714482765216,0.548,6.5280000000000005,0.3498622270213161,6.8,446.0,0.8521897810218978,10.09584,10000
0.1565108061207289,0.1019401046719511,0.232989685546148,0.6421353126668781,0.623,9.023999999999996,0.3903768036385234,7.6,404.8,0.579454253611557,9.93854,10000
0.2643437451316623,0.079824515387687,0.4532690668270678,0.7962746517325061,0.752,11.671999999999995,0.3926987476412217,6.4,593.4,1.0319148936170213,10.6474,10000
0.248831215294806,0.1197270107076018,0.4773352830390158,0.9166387750734576,0.594,7.1129999999999995,0.3574460551283048,6.8,616.8,1.2828282828282829,10.48298,10000
0.3060974367783386,0.0934677593696632,0.5039135136866865,0.8802182061748004,0.6930000000000001,9.956,0.3640688072399803,5.8,573.0,1.1428571428571428,10.87996,10000
0.2505788296743028,0.0958993158309012,0.4750653131460645,0.8252991984859324,0.6719999999999999,9.523999999999996,0.3553177169612326,6.6,638.8,1.1785714285714288,11.0384,10000
0.3262247321575157,0.137531422116986,0.47652069819046,0.9925869309135436,0.628,6.578,0.3433135585162884,5.8,522.0,1.132165605095541,10.25764,10000
0.2669587802669565,0.0972462782512051,0.4197755243589105,0.8069649981896572,0.6990000000000001,9.537,0.3483911676543085,6.0,523.0,1.0257510729613732,10.29238,10000
0.2577566870403146,0.0646781274234722,0.4502505313254392,0.9013819292562174,0.782,14.152999999999995,0.4097120839041643,6.6,587.2,1.0127877237851663,10.20744,10000
0.1253460528763489,0.0708182939151991,0.2078886537613209,0.6392889232031247,0.672,12.455999999999998,0.3733109311490035,10.4,430.6,0.5163690476190477,9.72828,10000
0.2117829676850867,0.0941395421691416,0.432923033052709,0.5959590699046583,0.644,9.533,0.3866303133276974,7.8,644.2,1.0232919254658386,11.12152,10000
0.1607600541890824,0.0935059870711481,0.2432224025892773,0.5380493664511594,0.625,9.122999999999998,0.381434158778714,8.0,408.4,0.6912,10.37622,10000
0.1921773695770567,0.067334953903651,0.4031889001569277,0.5569346424973339,0.723,13.507,0.3980707558508468,8.6,660.2,0.8852005532503459,10.35264,10000
0.1003102797311785,0.0801077151012934,0.1738360789362126,0.9589902496247256,0.6049999999999999,11.458999999999996,0.3487958550060017,11.8,421.0,0.4809917355371902,9.76692,10000
0.1611936635708709,0.1127084895211912,0.2621492857869801,0.5704223102752161,0.606,8.032,0.3864380846003751,7.8,444.0,0.712871287128713,10.13244,10000
0.2129681799354136,0.1232782413033692,0.3591738799253509,0.6853445719890318,0.612,7.119,0.371697278862286,7.0,485.8,0.9019607843137256,10.6898,10000
0.2252660413600744,0.1016290688990006,0.4628715542805636,0.6458411457917703,0.6599999999999999,9.007000000000001,0.3803499537459322,7.8,650.2,1.0121212121212122,11.3125,10000
0.330532871316816,0.08299739203133,0.4574265636616458,0.989732605773394,0.7569999999999999,11.814999999999998,0.3623456073829437,5.4,511.0,1.0686922060766184,10.28744,10000
0.2683690087413691,0.108412414946985,0.426166379833383,0.8130973113331114,0.675,8.309,0.3409311560204352,6.2,516.2,1.0296296296296297,10.46656,10000
0.2289320351190377,0.1201540283350468,0.2679057450982702,0.9314387402318284,0.622,7.453,0.3703245448041344,6.8,348.2,0.6591639871382636,9.55276,10000
0.1978536450631247,0.0621369390121069,0.4258831530927709,0.8777327392385326,0.74,14.290999999999997,0.3752133327885866,7.4,692.2,0.9567567567567568,11.55832,10000
0.2419071856110471,0.0580940033900317,0.3966381087422206,0.9895094507556436,0.8,16.104000000000003,0.386142884132887,6.4,532.4,0.915,10.783,10000
0.1445239073477275,0.087036502315458,0.2149135505827682,0.6376364667253905,0.626,10.331999999999995,0.3909743642510215,8.6,391.8,0.6118210862619807,9.43686,10000
0.204077565276856,0.1284438326850526,0.2944491666870027,0.9750657313326314,0.5810000000000001,7.022,0.33496584802637,6.4,423.0,0.7538726333907055,9.62992,10000
0.1116017705666148,0.0679240189507943,0.2293623757741343,0.9985477222456004,0.64,14.230999999999998,0.3162671846854415,12.0,554.2,0.584375,10.4925,10000
0.2995959972445776,0.0767613007962894,0.4563195182984413,0.9333208555445728,0.786,12.371,0.359276486091882,6.0,538.0,1.0432569974554706,10.37028,10000
0.2054901982280126,0.0670633156735548,0.3394328535522495,0.712224584076702,0.731,13.149999999999997,0.3973210341063686,7.2,524.4,0.8303693570451437,11.51492,10000
0.1201214335827974,0.0801299970042699,0.2287759988219756,0.6539027046392875,0.612,10.768999999999998,0.3277814702950862,10.4,496.2,0.5866013071895425,10.5936,10000
0.1114889201652627,0.0921506592658831,0.2430726487984141,0.811436832272554,0.574,9.773999999999996,0.3221778519487474,10.6,527.0,0.6219512195121952,11.0859,10000
0.1385160707418385,0.1056368091880151,0.2897656943345413,0.6175561240749556,0.534,8.459999999999999,0.3774308131639584,8.4,540.4,0.8146067415730336,10.0955,10000
0.1813668845768731,0.0854927877475233,0.3171625560442104,0.6236725080420292,0.649,10.395,0.3996315191008917,7.6,522.4,0.8335901386748844,11.67592,10000
0.175955107741434,0.0915862119629281,0.2076925460286981,0.9258735916405562,0.6579999999999999,9.842,0.4150211112271268,7.2,312.4,0.541033434650456,10.15196,10000
0.2356095501080053,0.094878344759784,0.4250156403800036,0.6791551838969417,0.66,8.932999999999998,0.3487198302331821,6.6,569.8,1.0075757575757576,10.21746,10000
0.1714512058367625,0.0510506745267583,0.3047298772861423,0.99938789706359,0.769,19.569000000000003,0.4019302867552026,7.8,494.2,0.7113133940182055,10.32074,10000
0.1823400617778391,0.1158920412625755,0.3597975078085324,0.6944158760095116,0.5700000000000001,7.525999999999999,0.380046902382731,8.2,584.2,0.8859649122807016,11.375800000000002,10000
0.2300982558222478,0.1382374153968008,0.2746138124204865,0.9474404402809792,0.588,6.144,0.353851695509801,7.0,361.6,0.7380952380952381,10.17212,10000
0.2546742901115006,0.1152163377951445,0.3526796601200738,0.8463405756986562,0.6429999999999999,7.251,0.3646319730537084,6.2,457.8,0.9766718506998444,9.89604,10000
0.1311935642851229,0.1104684779583034,0.2488311410308006,0.6388130081966908,0.5539999999999999,8.148,0.3508950426221127,9.4,480.2,0.7057761732851987,10.28022,10000
0.2009509402264002,0.0887716310038108,0.4640126540411778,0.7396530354316385,0.701,10.678999999999998,0.3681643463416997,7.8,731.8,1.037089871611983,10.7772,10000
0.1816931474628747,0.1310894979112718,0.3861744036992603,0.9063927251153214,0.553,6.848999999999999,0.3369694930455102,8.4,607.0,0.9566003616636528,11.63412,10000
0.1368665301787587,0.0652163544319389,0.2948681775372105,0.3942806626939016,0.681,13.951,0.3999143876012176,9.4,575.6,0.7136563876651981,10.47462,10000
0.1628555369338915,0.0704081208205874,0.270530669956296,0.8484906662813309,0.7419999999999999,13.711999999999998,0.4400607743739103,7.6,431.4,0.6859838274932616,9.99382,10000
0.1994938397131713,0.0808597232576261,0.3162660218178117,0.6759310395475728,0.7010000000000001,11.486,0.3817491537630573,7.0,455.0,0.7289586305278173,9.26642,10000
0.1809438121750908,0.123745015436544,0.2804396284491783,0.8111257330065111,0.565,6.7170000000000005,0.3499411981474679,7.6,430.4,0.7380530973451329,10.87888,10000
0.1778754440237937,0.096249958513595,0.2258452320149985,0.7815622272996057,0.65,8.965999999999998,0.3990795774092694,7.6,350.2,0.583076923076923,9.82346,10000
0.1596297327888291,0.0554122860066342,0.3414485052370776,0.7150996362310945,0.7369999999999999,16.587,0.3797145953030655,8.8,657.0,0.837177747625509,10.55712,10000
0.1381322674753025,0.0925500450171152,0.3250625299251398,0.6816192573747423,0.626,9.928999999999998,0.3307259337574693,10.2,620.0,0.84185303514377,11.1582,10000
0.1533822760782879,0.1015442960208914,0.2202509178965984,0.8510808235485445,0.563,8.528,0.3754845241328005,8.0,354.0,0.6252220248667851,9.575,10000
0.2659166780222384,0.0734975171251951,0.4135726973752922,0.8669793758975227,0.7610000000000001,12.339,0.3666096836354038,6.0,538.0,0.9487516425755584,10.941260000000002,10000
0.219078939357709,0.0912155989183576,0.2785506314035768,0.8571810743515462,0.6950000000000001,9.907,0.3737497139998136,6.2,392.6,0.7798561151079137,9.60402,10000
0.2008890524317309,0.1117265825136295,0.3965360285532838,0.7829250286016526,0.575,7.868,0.3587443670486465,7.4,591.8,1.0382608695652176,11.3368,10000
0.2486168051171305,0.0972970456694143,0.3195560488879484,0.8491749590916247,0.673,9.095,0.37052890395425,6.2,398.0,0.7949479940564634,9.64658,10000
0.2018977911977641,0.062012405783786,0.4170641592417494,0.7501395260248789,0.738,15.244,0.39066749333561,8.0,667.2,0.967479674796748,10.98608,10000
0.1252137846164297,0.0692445365803922,0.2590857174195426,0.3680406617081935,0.669,13.575999999999995,0.3514418873239058,9.4,524.4,0.6517189835575485,10.5746,10000
0.2966297259348583,0.1291527940611846,0.4865826232905673,0.969867160565795,0.64,6.843999999999999,0.3568847168131522,5.8,545.2,1.1375,10.89594,10000
0.2344712195728988,0.0898634361494975,0.4233578043848294,0.7986552353458641,0.687,9.945,0.3250207653926364,6.4,563.2,1.0131004366812226,10.63378,10000
0.1094382335571744,0.0672648359623314,0.1453649708411624,0.9747981594156848,0.684,14.933999999999996,0.3869632956163345,10.0,315.6,0.3961988304093567,9.57928,10000
0.204571483676697,0.0994838613321071,0.3148001385528605,0.6566184850763707,0.67,8.841999999999999,0.3604346761720409,6.8,448.6,0.8223880597014925,10.79124,10000
0.1287399026871185,0.0925591542486321,0.3196636312307761,0.8927389802205568,0.583,10.048999999999998,0.3272646365851543,10.8,676.4,0.8044596912521441,11.1445,10000
0.2988350196928532,0.0898898352934126,0.4072180305773948,0.9821652165833108,0.73,10.483,0.3488356512704368,5.4,460.6,0.9493150684931506,10.81472,10000
0.1200800867389668,0.1214929611557913,0.1786127317408305,0.996059266389011,0.532,7.388,0.3316607163667503,9.4,363.6,0.5300751879699248,9.97788,10000
0.1923519872810104,0.1424432977879301,0.2890566076355487,0.98543359799264,0.502,5.691000000000001,0.3924062122622127,8.4,410.0,0.8525896414342629,10.26244,10000
0.2365022510688311,0.1079761116076533,0.4297255926519399,0.695336866121437,0.6689999999999999,8.718,0.4025361439533635,7.0,560.2,1.023916292974589,11.17778,10000
0.2481082171797095,0.1213275401222225,0.4136719290639115,0.7334516502213185,0.5980000000000001,7.030000000000001,0.388836800662888,7.0,538.0,0.9983277591973244,10.82506,10000
0.2492272269113264,0.0853960456369916,0.4384970825308453,0.7693432570190619,0.706,10.821999999999996,0.3719855446943075,6.8,574.0,1.0070821529745042,11.67354,10000
0.1810414565957306,0.106450371251953,0.3259439519743343,0.7353426278104188,0.5980000000000001,8.184000000000001,0.3348456155471343,6.8,506.0,0.8377926421404681,10.09614,10000
0.1526268928537518,0.1099580108949827,0.264329024945012,0.70021760345627,0.549,7.897,0.3533961222650778,9.8,476.6,0.7103825136612021,10.62634,10000
0.2236569121605598,0.0892693071620709,0.4764018599900235,0.8010852918534405,0.677,10.189999999999998,0.3855043276379702,7.6,703.8,1.1329394387001477,11.35112,10000
0.1432877652253628,0.1008365525566605,0.2407959980915536,0.5860409624499482,0.576,8.742,0.3598034438916926,8.8,441.6,0.6892361111111113,9.87094,10000
0.1950346639252557,0.0905492242199776,0.3258603601099035,0.479779263556106,0.6779999999999999,9.846,0.3932795301116827,7.4,507.2,0.8156342182890856,9.7474,10000
0.2752524950769598,0.0923332288272785,0.438178379178272,0.8243904767491369,0.6890000000000001,9.835999999999997,0.3420880250396553,6.0,559.4,1.0464441219158198,10.6694,10000
0.2196210938145139,0.1312549030578978,0.364163378267085,0.8308146531406139,0.5650000000000001,6.805,0.3523851202715723,7.2,501.8,0.9964601769911504,11.0622,10000
0.1733963674337261,0.0873166873493397,0.3575695865040317,0.4113115695190921,0.653,10.814999999999998,0.3839676710208458,9.6,627.0,0.8392036753445635,10.90486,10000
0.3030327522681331,0.0857761909121793,0.4370140950191115,0.8852718874466617,0.729,10.968,0.3466600123463666,5.8,490.2,0.9629629629629632,10.83708,10000
0.2169338432878275,0.093906841196795,0.28039184254685,0.9093867257961274,0.6980000000000001,9.394,0.4299072713733894,7.0,374.0,0.6747851002865328,9.65412,10000
0.2450738181149252,0.1110043568869534,0.4670951889262996,0.7539382202637425,0.656,7.970999999999999,0.3578529669185274,7.0,602.6,1.059451219512195,11.28538,10000
0.2975209746815355,0.1087480191172159,0.4181704891685779,0.8829777060958043,0.682,8.359,0.3515653861360109,5.8,473.6,1.0146627565982405,10.33218,10000
0.1379219331565224,0.1295502724767785,0.2256968790034698,0.9256240555512508,0.507,7.027000000000001,0.3533736074102332,9.0,410.2,0.6824457593688363,9.79442,10000
0.1650808787185299,0.0920506136040578,0.2829615907649452,0.3729930983076432,0.6369999999999999,10.127,0.3940572634777763,9.2,458.2,0.686028257456829,10.41314,10000
0.1420204882112837,0.0840172443556371,0.3565332977772619,0.9565385457332616,0.61,10.406999999999996,0.3122756262776875,10.6,698.6,0.8885245901639345,11.27388,10000
0.2204858976509542,0.106666156457127,0.4645944273219857,0.9771512756551592,0.627,8.210999999999999,0.3293120146744687,6.6,648.2,1.1818181818181817,11.26458,10000
0.1811277170307121,0.0760030747457158,0.299204120766622,0.4665274870194129,0.6990000000000001,11.698,0.409041091506876,8.2,462.0,0.7167381974248926,10.65646,10000
0.1267543950549918,0.0691636505682626,0.2281647952522652,0.5974863819243036,0.6759999999999999,13.371999999999996,0.4161533835733019,9.8,460.0,0.5739644970414202,10.75078,10000
0.2477066532686906,0.0866834693474847,0.3868036202082702,0.7603772544892329,0.7190000000000001,10.269,0.354649079329613,6.2,490.8,0.8887343532684283,10.80522,10000
0.2236823648176715,0.1305250476939758,0.4051787544888032,0.9558229041591776,0.567,6.7360000000000015,0.3496043853057967,6.6,562.6,0.9894179894179896,11.4643,10000
0.3064822316200679,0.0876130320668049,0.5190741795441771,0.949997699569428,0.736,10.545999999999998,0.3579873652021725,6.0,652.6,1.1304347826086958,10.94438,10000
0.1463504949702971,0.0907976172839365,0.2792488173061153,0.4204831952748435,0.633,9.989,0.3526422974753172,8.8,497.4,0.69826224328594,11.1297,10000
0.2165142130999539,0.0869325919933129,0.3555117927566416,0.5595612551365284,0.6980000000000001,10.621999999999996,0.3768293274969547,6.8,485.6,0.8681948424068767,10.23794,10000
0.2105549125412878,0.0595937883509351,0.3665868167423087,0.9983916594791808,0.7949999999999999,15.798999999999998,0.4291658944172221,6.8,535.0,0.8465408805031446,10.065639999999998,10000
0.2426258559456805,0.0956303588047613,0.3637012206854277,0.7635537340101141,0.703,9.445,0.4085110473280749,6.4,462.8,0.8549075391180655,9.95626,10000
0.1520924865800551,0.1143115076590268,0.2653162905100888,0.7960925639292087,0.5449999999999999,7.374,0.3284115265284778,9.6,479.8,0.7376146788990827,10.234820000000004,10000
0.2609071519304556,0.0960638462416011,0.4006039863769759,0.6338596183916383,0.7030000000000001,9.345999999999998,0.3799860106490411,6.6,490.0,0.8762446657183498,10.39852,10000
0.1766927021173583,0.1071603758707512,0.2344916097789941,0.8347642064540713,0.6020000000000001,8.303999999999998,0.3995330773849624,7.4,380.2,0.6362126245847175,9.39828,10000
0.206231117947709,0.0733545264607284,0.2770078775796453,0.8165031475249585,0.7190000000000001,12.322999999999997,0.3909075019935474,6.8,372.4,0.7148817802503477,9.71516,10000
0.1013827023645384,0.0565248440458079,0.1712640784643954,0.9577884477661056,0.683,17.345999999999997,0.3493574149821986,10.8,409.6,0.4509516837481698,10.47308,10000
0.1865162487348483,0.0567706180908889,0.3051374064496209,0.9176358872084552,0.774,16.839999999999996,0.4143379386426472,7.2,475.6,0.7041343669250646,10.167220000000002,10000
0.166852494418017,0.1211112706227879,0.3428747295025581,0.7921915710206566,0.5349999999999999,6.8870000000000005,0.3364733171953583,8.4,539.6,0.8429906542056076,10.8214,10000
0.2545501514525088,0.059111965892415,0.42539796279829,0.9439494097906588,0.791,15.685999999999998,0.3794189658443487,6.4,567.0,0.9532237673830594,10.61316,10000
0.2886457463082143,0.1094590714359981,0.4705682796072539,0.8507147337106347,0.6599999999999999,8.100999999999999,0.3657438823499019,6.2,563.8,1.11969696969697,11.12388,10000
0.2319174250624829,0.131162771629426,0.3779159686167384,0.7534449473464802,0.59,6.665000000000001,0.3959539868116661,7.4,521.2,0.9983050847457628,9.66744,10000
0.1618476749642664,0.1054010551804004,0.3644637129790099,0.928380094345306,0.5790000000000001,8.453,0.3424062928383639,9.8,651.6,0.9015544041450776,12.0278,10000
0.1437098913973978,0.0649841171302139,0.189064940259697,0.8242827585565159,0.7110000000000001,14.701,0.3826013190973614,9.0,352.2,0.4866385372714486,9.552980000000002,10000
0.2583432819647319,0.0956955003210017,0.331729756974788,0.9103854921122632,0.6849999999999999,9.893999999999998,0.3689470622580355,6.0,398.0,0.7416058394160584,9.36074,10000
0.25061984679759,0.070198680698563,0.439252126122202,0.6728330551652992,0.731,12.96,0.4016682052956074,6.8,582.8,0.9384404924760602,10.411840000000002,10000
0.2278929590136362,0.0981721332680237,0.3635454320615492,0.5958833528497104,0.6629999999999999,9.139,0.3637914625008457,6.8,488.0,0.8491704374057315,9.88674,10000
0.1876127872516882,0.1208461839341586,0.3957021965516728,0.8694789114848402,0.5519999999999999,6.793000000000001,0.337160920593991,8.0,607.2,1.0271739130434785,11.16834,10000
0.2534233933441753,0.102414985035928,0.3985922366446043,0.8871796947664611,0.6699999999999999,8.607,0.3275029860225739,6.0,508.8,0.9626865671641792,10.82588,10000
0.1296834742730331,0.1023872169257815,0.2317029742797111,0.6986304145078354,0.561,9.090999999999998,0.3578911720190393,10.0,453.6,0.6434937611408199,9.67438,10000
0.1922826517452927,0.1231443867855356,0.38436354900082,0.5927828005942077,0.592,7.613,0.3905034124220375,8.2,619.4,0.9172297297297296,10.71146,10000
0.2250174412254315,0.0882774038149742,0.2745512052249608,0.9624700712713806,0.7310000000000001,10.346,0.410961258191313,6.6,365.6,0.707250341997264,9.3582,10000
0.269668893819512,0.0847362230220507,0.3774990030102509,0.8598677108443168,0.753,11.060999999999998,0.3752855683106613,6.0,444.4,0.8618857901726429,10.59344,10000
0.2760189047004859,0.0710364539206828,0.4318498828430862,0.8961339839156546,0.757,12.776,0.3545792519431298,5.8,527.4,0.9590488771466312,10.53558,10000
0.1226344313132795,0.0862398889232345,0.1971954629674108,0.814806886388998,0.632,10.366,0.3732687935646241,10.4,391.8,0.490506329113924,9.17362,10000
0.1965032843045118,0.1007411058875902,0.4176170089730829,0.9042085666135676,0.6050000000000001,8.648,0.3631006101605898,8.2,655.4,1.049586776859504,12.17082,10000
0.2400634968305908,0.0604267333309499,0.4802927485774386,0.9547323852769384,0.775,15.906,0.3648418307676268,7.2,673.8,1.0490322580645162,11.00028,10000
0.2463565918130058,0.1388047895291795,0.3601821779668864,0.9245063125724564,0.558,6.0280000000000005,0.3674716661597262,6.6,452.8,0.8870967741935483,10.70414,10000
0.1925962617405681,0.1220055833328197,0.3762850136768917,0.8893189727403037,0.5519999999999999,7.175999999999999,0.3246585347087406,8.8,618.0,0.9583333333333334,11.32316,10000
0.2478805223897342,0.0826961212061948,0.3664069107440914,0.8621605218170287,0.764,11.977999999999998,0.3779922008418407,6.0,466.8,0.8861256544502617,10.4537,10000
0.1521400614540109,0.1388808190107501,0.2841014317594983,0.9745210245549464,0.487,5.842999999999999,0.3666241436664913,8.8,465.0,0.7679671457905545,9.70138,10000
0.1403187564317662,0.0838137236040013,0.3719524975882631,0.7951793490968628,0.6239999999999999,10.991999999999996,0.3406760954610193,10.0,739.0,0.9102564102564104,10.86378,10000
0.1507229970108277,0.058909650331811,0.3360037900848895,0.6458320568615485,0.741,15.412,0.3870907274564992,9.0,642.0,0.7786774628879893,10.79574,10000
0.2060957153110426,0.1148468832550368,0.3365847346276316,0.6632940725181902,0.622,7.706999999999999,0.3526751490752214,7.0,470.4,0.8569131832797426,10.44442,10000
0.1827563574421016,0.0762393741755077,0.4004273978159007,0.5178049021438879,0.696,11.631,0.3764668761730833,8.4,664.8,0.9669540229885056,10.91178,10000
0.1900157786134267,0.1261386724583346,0.3179695665028948,0.7035310207966721,0.5710000000000001,6.833000000000001,0.3636044014547226,7.6,465.4,0.8423817863397547,10.2725,10000
0.2256243207753616,0.0677667304870998,0.433575610728544,0.8416965454372725,0.771,13.898,0.3986804954824942,7.0,641.8,1.0077821011673151,10.79892,10000
0.1379430601087262,0.1352453870881079,0.2515046138255283,0.9031123653292156,0.512,6.543000000000001,0.3450299587378804,9.4,448.0,0.6816406249999999,10.00236,10000
0.3116769972791958,0.0816476425806081,0.5003948868763053,0.93907995577,0.758,11.241,0.3633014750513926,6.0,591.2,1.0277044854881268,11.3369,10000
0.1048530624317652,0.0694515329445888,0.2528414285231841,0.888346393306726,0.6129999999999999,12.596,0.3247038382489279,11.6,617.8,0.6851549755301796,10.0293,10000
0.1170729628554137,0.0761043877390671,0.1963635368141887,0.7524103886278587,0.647,12.265999999999996,0.3623489936100185,9.4,397.4,0.5131375579598145,8.97914,10000
0.1498502001402546,0.125833337297277,0.2311546869128195,0.933277617970186,0.524,6.877000000000001,0.3492958140759671,8.2,378.8,0.6374045801526717,10.21594,10000
0.2475828424016853,0.1512451231661212,0.3971443344390822,0.9623820041441008,0.565,5.651000000000001,0.3579788525451796,6.6,506.8,1.033628318584071,9.6675,10000
0.1643990896055079,0.0579888972508588,0.3014014147710986,0.6202251652134082,0.7350000000000001,15.887999999999996,0.4053739712807629,8.6,512.2,0.7088435374149659,10.28336,10000
0.2778024556431651,0.1000469090438914,0.5128419326870457,0.7903311690789425,0.671,8.929999999999998,0.3593863619825204,6.6,622.8,1.1833084947839043,10.71402,10000
0.1607202257730874,0.1230826837914623,0.3315482224361463,0.8339611259173018,0.544,7.136,0.3432353310607569,8.4,571.4,0.8749999999999999,11.49348,10000
0.134974191742494,0.1138718812585697,0.3013524696969893,0.897813265469749,0.513,7.506,0.3505320766673502,10.6,551.8,0.7719298245614035,10.81732,10000
0.2777660612636937,0.1104023152763952,0.3987338731956242,0.9636335827464376,0.6729999999999999,7.377,0.3493163807868882,5.6,454.2,0.9271916790490342,9.9779,10000
0.2476008787675525,0.13552531924419,0.4409018166320097,0.9428208636765892,0.541,6.319,0.343623268889027,7.4,584.4,1.153419593345656,10.819299999999998,10000
0.2676503643627446,0.1111193009818916,0.4136044754336969,0.7629954063519117,0.6689999999999999,8.075,0.362271341224334,6.2,515.6,0.985052316890882,10.068519999999998,10000
0.2430333788275746,0.1039388647934502,0.4796018179211463,0.9803640667099808,0.661,8.764999999999999,0.3531230872364834,6.6,665.2,1.219364599092284,11.60764,10000
0.2712539094208964,0.0661698673355432,0.4160929806465139,0.9755087963108188,0.7869999999999999,13.813,0.3763229410868499,6.0,519.4,0.9771283354510802,9.58718,10000
0.2415294938329761,0.0989908087515188,0.2797406226671479,0.8511048771499149,0.661,8.953,0.3801177991717147,6.4,361.8,0.6777609682299545,10.12732,10000
0.2748203153687683,0.0741874305263396,0.3597237799048745,0.8996440694553614,0.7629999999999999,12.500999999999998,0.3794563601271079,6.0,426.4,0.8112712975098297,10.27398,10000
0.25243296477732,0.1004091958418383,0.3323738420127048,0.8856323127978433,0.704,9.045,0.3761968321924233,6.0,405.0,0.7798295454545455,9.7326,10000
0.1628547516838854,0.1174601221051599,0.2786037389986009,0.6289822490159162,0.576,7.536000000000001,0.395270269558194,8.4,468.2,0.7447916666666667,9.813300000000002,10000
0.1029864044402409,0.0602876771515532,0.2365152337324547,0.8183900174805896,0.6689999999999999,16.095999999999997,0.3457173505315467,11.2,586.0,0.6068759342301944,10.2947,10000
0.3005503062265614,0.1089702000935343,0.3800710249184882,0.9686605839984116,0.6910000000000001,8.251999999999999,0.353245039824595,5.6,422.2,0.8769898697539796,9.83982,10000
0.2432668106511735,0.0642152417203388,0.3905081404051293,0.8568346421139844,0.7739999999999999,14.592,0.4098428778105681,6.6,515.2,0.8527131782945737,10.48242,10000
0.2253902935296369,0.114422213911634,0.3354316823808684,0.9155956652448712,0.659,7.840999999999999,0.3649296425173604,6.0,417.6,0.7587253414264036,9.4721,10000
0.1485955518934728,0.1277262152174429,0.2590282576613568,0.9919934891939746,0.501,6.4,0.3307735381078344,9.0,438.2,0.7125748502994013,10.8539,10000
0.2142188947019604,0.1182680695272187,0.3957922717821652,0.7679618625189111,0.586,7.23,0.3473715675143046,6.8,526.4,0.938566552901024,10.10636,10000
0.2663226588821717,0.1086543539217376,0.5166889669791427,0.910425708980418,0.6250000000000001,7.840000000000001,0.367890749722954,6.8,687.0,1.2399999999999998,10.7078,10000
0.250094955929533,0.0745351208433023,0.4724672135749388,0.8804201472890618,0.734,12.289999999999996,0.3477733459109619,6.6,646.4,1.1144414168937329,11.16572,10000
0.2011422770907904,0.0957937171137045,0.4212810442723737,0.8206783976527279,0.642,9.485,0.3702762051923173,8.4,632.0,0.914330218068536,12.30188,10000
0.2598904094432671,0.1106295455961826,0.4553107743922496,0.8699546516827438,0.6960000000000001,8.056999999999999,0.356774399880968,6.0,569.8,1.0761494252873562,10.8339,10000
0.1756991058958237,0.1344994362190822,0.2590969581083789,0.8110765427916117,0.5619999999999999,6.4510000000000005,0.3820522803687321,8.0,397.6,0.6672597864768683,10.507159999999995,10000
0.171314661328536,0.0486722739684091,0.308569599027787,0.9839452841692088,0.7830000000000001,18.715000000000003,0.403511161250614,8.2,527.8,0.722860791826309,11.13758,10000
0.190327982617276,0.0834643196762917,0.2526146653793302,0.8789491039572381,0.683,11.030999999999995,0.4297044285532698,7.4,353.6,0.63103953147877,11.00636,10000
0.1950775080054227,0.0980271050944672,0.3162289533053113,0.5767836889494123,0.619,8.631,0.3589104293915895,7.0,491.4,0.7964458804523424,10.25658,10000
0.2157590534567388,0.0856276552921266,0.3593552672322206,0.5974428741862635,0.707,10.919999999999998,0.3720765208519657,6.8,522.8,0.8712871287128713,9.665539999999998,10000
0.1995161046452246,0.1007452499505908,0.2849997145875954,0.7759296278401244,0.6199999999999999,8.966999999999999,0.401034283832997,6.8,419.2,0.7629032258064518,9.52434,10000
0.2094366439716272,0.0895720717129958,0.3029538335166613,0.6190254534173738,0.707,10.564999999999998,0.3915418724899023,7.0,429.8,0.743988684582744,10.3201,10000
0.2690270590063987,0.0842190570098737,0.4465065281736031,0.8992775730973059,0.7070000000000001,10.639999999999995,0.3550460419646636,6.2,578.2,1.0396039603960396,11.67996,10000
0.2314168467468272,0.0812174555832999,0.3283121691665365,0.7741497106563402,0.717,11.072,0.3769563414452909,6.2,428.4,0.7880055788005579,10.04176,10000
0.1665765083885041,0.0666783259416806,0.3813572327452881,0.6576728394647544,0.7220000000000001,14.951,0.3859096474667738,9.2,669.4,0.8725761772853186,10.938059999999998,10000
0.2593488678606753,0.109928091724222,0.3566967537807156,0.8797278954215643,0.678,8.237,0.3601403390962775,6.0,439.6,0.8967551622418877,9.60372,10000
0.2615750380387817,0.0952041834176287,0.4707650854403084,0.7146201033774496,0.6809999999999999,9.538999999999998,0.3642115618328917,6.8,622.6,1.1527165932452277,10.10172,10000
0.2432046210722009,0.0920654275135793,0.4190894661136147,0.7712024718040184,0.6950000000000001,9.714999999999998,0.3666601629564275,6.4,553.4,1.064748201438849,11.22062,10000
0.2080490056233174,0.098840765205618,0.2365644371826788,0.9724263030205628,0.635,8.627,0.4046721643308711,6.8,309.8,0.5952755905511811,10.6386,10000
0.2684373271077166,0.0650894583762376,0.516692971805904,0.974128424514823,0.76,13.885,0.3749616266898311,6.8,710.6,1.1355263157894735,10.95528,10000
0.2728048485551101,0.1121870021280296,0.3735284399648475,0.7694094943195701,0.623,7.512,0.356124699164815,6.4,475.8,0.8892455858747994,10.15618,10000
0.2299324290464183,0.1551171200285672,0.3503325376376354,0.9951096448203334,0.542,5.644,0.3553986607755378,6.6,454.4,0.9575645756457564,10.19282,10000
0.1296430601845425,0.0973634168491383,0.1991937771800628,0.7148726826557644,0.584,9.355999999999998,0.3749021945186865,9.6,377.2,0.5462328767123288,10.00218,10000
0.25061984679759,0.070198680698563,0.439252126122202,0.6728330551652992,0.731,12.96,0.4016682052956074,6.8,582.8,0.9384404924760602,10.411840000000002,10000
0.2278929590136362,0.0981721332680237,0.3635454320615492,0.5958833528497104,0.6629999999999999,9.139,0.3637914625008457,6.8,488.0,0.8491704374057315,9.88674,10000
0.1876127872516882,0.1208461839341586,0.3957021965516728,0.8694789114848402,0.5519999999999999,6.793000000000001,0.337160920593991,8.0,607.2,1.0271739130434785,11.16834,10000
0.2534233933441753,0.102414985035928,0.3985922366446043,0.8871796947664611,0.6699999999999999,8.607,0.3275029860225739,6.0,508.8,0.9626865671641792,10.82588,10000
0.1296834742730331,0.1023872169257815,0.2317029742797111,0.6986304145078354,0.561,9.090999999999998,0.3578911720190393,10.0,453.6,0.6434937611408199,9.67438,10000
0.1922826517452927,0.1231443867855356,0.38436354900082,0.5927828005942077,0.592,7.613,0.3905034124220375,8.2,619.4,0.9172297297297296,10.71146,10000
0.2250174412254315,0.0882774038149742,0.2745512052249608,0.9624700712713806,0.7310000000000001,10.346,0.410961258191313,6.6,365.6,0.707250341997264,9.3582,10000
0.269668893819512,0.0847362230220507,0.3774990030102509,0.8598677108443168,0.753,11.060999999999998,0.3752855683106613,6.0,444.4,0.8618857901726429,10.59344,10000
0.2760189047004859,0.0710364539206828,0.4318498828430862,0.8961339839156546,0.757,12.776,0.3545792519431298,5.8,527.4,0.9590488771466312,10.53558,10000
0.1226344313132795,0.0862398889232345,0.1971954629674108,0.814806886388998,0.632,10.366,0.3732687935646241,10.4,391.8,0.490506329113924,9.17362,10000
0.1965032843045118,0.1007411058875902,0.4176170089730829,0.9042085666135676,0.6050000000000001,8.648,0.3631006101605898,8.2,655.4,1.049586776859504,12.17082,10000
0.2400634968305908,0.0604267333309499,0.4802927485774386,0.9547323852769384,0.775,15.906,0.3648418307676268,7.2,673.8,1.0490322580645162,11.00028,10000
0.2463565918130058,0.1388047895291795,0.3601821779668864,0.9245063125724564,0.558,6.0280000000000005,0.3674716661597262,6.6,452.8,0.8870967741935483,10.70414,10000
0.1925962617405681,0.1220055833328197,0.3762850136768917,0.8893189727403037,0.5519999999999999,7.175999999999999,0.3246585347087406,8.8,618.0,0.9583333333333334,11.32316,10000
0.2478805223897342,0.0826961212061948,0.3664069107440914,0.8621605218170287,0.764,11.977999999999998,0.3779922008418407,6.0,466.8,0.8861256544502617,10.4537,10000
0.1521400614540109,0.1388808190107501,0.2841014317594983,0.9745210245549464,0.487,5.842999999999999,0.3666241436664913,8.8,465.0,0.7679671457905545,9.70138,10000
0.1403187564317662,0.0838137236040013,0.3719524975882631,0.7951793490968628,0.6239999999999999,10.991999999999996,0.3406760954610193,10.0,739.0,0.9102564102564104,10.86378,10000
0.1507229970108277,0.058909650331811,0.3360037900848895,0.6458320568615485,0.741,15.412,0.3870907274564992,9.0,642.0,0.7786774628879893,10.79574,10000
0.2060957153110426,0.1148468832550368,0.3365847346276316,0.6632940725181902,0.622,7.706999999999999,0.3526751490752214,7.0,470.4,0.8569131832797426,10.44442,10000
0.1827563574421016,0.0762393741755077,0.4004273978159007,0.5178049021438879,0.696,11.631,0.3764668761730833,8.4,664.8,0.9669540229885056,10.91178,10000
0.1900157786134267,0.1261386724583346,0.3179695665028948,0.7035310207966721,0.5710000000000001,6.833000000000001,0.3636044014547226,7.6,465.4,0.8423817863397547,10.2725,10000
0.2256243207753616,0.0677667304870998,0.433575610728544,0.8416965454372725,0.771,13.898,0.3986804954824942,7.0,641.8,1.0077821011673151,10.79892,10000
0.1379430601087262,0.1352453870881079,0.2515046138255283,0.9031123653292156,0.512,6.543000000000001,0.3450299587378804,9.4,448.0,0.6816406249999999,10.00236,10000
0.3116769972791958,0.0816476425806081,0.5003948868763053,0.93907995577,0.758,11.241,0.3633014750513926,6.0,591.2,1.0277044854881268,11.3369,10000
0.1048530624317652,0.0694515329445888,0.2528414285231841,0.888346393306726,0.6129999999999999,12.596,0.3247038382489279,11.6,617.8,0.6851549755301796,10.0293,10000
0.1170729628554137,0.0761043877390671,0.1963635368141887,0.7524103886278587,0.647,12.265999999999996,0.3623489936100185,9.4,397.4,0.5131375579598145,8.97914,10000
0.1498502001402546,0.125833337297277,0.2311546869128195,0.933277617970186,0.524,6.877000000000001,0.3492958140759671,8.2,378.8,0.6374045801526717,10.21594,10000
