beta,gamma,rho,distance,s_peak_height,s_auc,s_growth_rate,s_time_to_peak,s_total_rewires,s_rew_inf_ratio,n_draws_attempted
0.18266972658309213,0.13440938210246087,0.3861504341222907,0.7826732133107344,0.5359999999999999,6.720000000000001,0.3548278364843925,8.4,601.4,1.0018656716417913,10000
0.25426769800094434,0.0846712504387206,0.42597502079953076,0.6488884316824478,0.711,10.831999999999997,0.37863678740130774,6.4,521.8,0.9212376933895922,10000
0.21084031577256268,0.07745142616478179,0.4149182121560214,0.6185222329543703,0.736,11.929999999999998,0.3614396227347189,7.0,603.0,0.938858695652174,10000
0.21671513798522932,0.11631166209715077,0.41635300938745357,0.6466438974054214,0.616,7.928,0.3536920269708898,7.4,626.4,1.0016233766233766,10000
0.22257283620595764,0.11531899981041462,0.4196875322490862,0.8601742723252077,0.595,7.590000000000001,0.33011712550872696,6.8,603.8,1.0924369747899159,10000
0.15310325133327443,0.13031861982031945,0.23096171915345975,0.870876120164915,0.5539999999999999,6.684,0.38254978863995803,8.0,368.2,0.6480144404332131,10000
0.31194957962288494,0.08915707571301074,0.5194881962126591,0.8415778485645974,0.714,10.041999999999998,0.36327391605857556,6.2,627.6,1.1554621848739497,10000
0.17847497978640844,0.12310563960147441,0.31145471113795575,0.6330768271611629,0.5700000000000001,7.055,0.38261175608181663,8.0,487.0,0.8526315789473683,10000
0.11632909992284704,0.09755622315555064,0.18744514901935158,0.6971035350705287,0.596,10.127999999999997,0.3916465790187659,10.0,390.4,0.5100671140939598,10000
0.1867764224687908,0.09683891729064731,0.292563881413614,0.4843961618687202,0.651,9.655999999999997,0.3843134717019275,7.2,470.6,0.7941628264208909,10000
0.1860473351808055,0.06557902426101346,0.4439507145716521,0.8908541128919544,0.742,13.946999999999997,0.3954550881126127,8.4,761.2,1.0741239892183287,10000
0.23143364191595556,0.10716427146146884,0.4775232569246699,0.778924867885154,0.625,8.453999999999999,0.3430467621082699,7.8,687.0,1.168,10000
0.2611166326398761,0.09394052615619862,0.4925521468414886,0.7016264806085754,0.7,9.83,0.3743873203232043,7.2,676.4,1.0985714285714288,10000
0.19404597477002578,0.11291275332564561,0.3513650628539422,0.5079766240852697,0.608,7.891999999999999,0.3767644099042341,7.8,511.6,0.924342105263158,10000
0.22473090123798437,0.0819946766738746,0.4007549353078268,0.5050460705409797,0.711,11.894999999999998,0.39663235722868656,7.4,583.0,0.9535864978902954,10000
0.18898393243148556,0.12429613031455046,0.3035567308910343,0.8222198846597878,0.541,6.622,0.35885584992046937,7.6,444.2,0.8632162661737524,10000
0.23052703498123503,0.12626914064814182,0.4617487382855318,0.8449492462948099,0.636,7.518000000000001,0.32671401842661096,7.4,666.8,1.1132075471698113,10000
0.2697822219742816,0.07596962224345183,0.5042774279973418,0.8331483923232259,0.708,11.562,0.3492721098949456,6.6,686.0,1.1045197740112995,10000
0.17656957974407725,0.08805147316709011,0.2998472265934849,0.38357552174587395,0.651,10.373999999999999,0.39260572853496445,7.8,467.0,0.7142857142857142,10000
0.16580502241874043,0.05228679678360306,0.3800213797209169,0.7291850494672503,0.743,16.363999999999997,0.37490516131185103,8.6,671.2,0.8223418573351279,10000
0.147018753812088,0.09416991256662122,0.23435589221296757,0.5823775689513866,0.583,9.245999999999999,0.3908876588568164,8.4,418.0,0.6397941680960548,10000
0.2031195775563623,0.11671701716719415,0.29587579509864137,0.8443754664192643,0.592,7.228,0.37704271215328633,6.6,404.2,0.7888513513513514,10000
0.20960267067450375,0.07255698352639674,0.4142273856348811,0.5647660009664801,0.732,13.128,0.36908111805004223,8.4,664.4,0.9439890710382512,10000
0.10669420671126648,0.10845125306498299,0.25036386817264583,0.9057267076482447,0.496,7.660000000000001,0.32565998504754506,9.4,528.2,0.7641129032258064,10000
0.21358219095601821,0.06689569789273624,0.4677317736593651,0.8751413494517604,0.747,14.423999999999998,0.39915357042256705,8.0,731.0,1.0896921017402945,10000
0.26052412803028346,0.08717077356819979,0.4480169012049162,0.7589695838739423,0.732,10.34,0.36272251542778494,6.2,541.8,1.0,10000
0.11117274355578986,0.07456933869552979,0.21335648545698271,0.6698025853972872,0.622,12.325,0.34911315157739903,10.8,457.0,0.5418006430868167,10000
0.2201656618030979,0.10135485628174479,0.4283405378181182,0.7055446183015466,0.6199999999999999,8.592999999999998,0.3429917274447982,7.2,628.4,1.0774193548387099,10000
0.2511113282715302,0.09000341036834518,0.4329761912066875,0.6599573027354223,0.716,10.297999999999998,0.38742170194224224,6.6,577.4,1.0,10000
0.19049515191311184,0.10960533252981301,0.4191892191741122,0.8541125331128175,0.595,8.248999999999999,0.32553365279428936,10.2,673.4,1.0554621848739496,10000
0.13279233454753556,0.07122247836260105,0.31555489910409773,0.4378748439020825,0.6399999999999999,12.359,0.3710328845662047,10.2,616.6,0.7031250000000001,10000
0.25545274724028316,0.07923487159454218,0.5229468541050335,0.8243329955356132,0.7310000000000001,11.618999999999996,0.37238511367912,7.2,728.0,1.0779753761969904,10000
0.14227445684542933,0.06261803656158907,0.35000896901268547,0.7460955414432662,0.697,14.968,0.3614084934397161,10.0,717.6,0.8479196556671451,10000
0.15648954991202732,0.08068228585061007,0.39268093045997876,0.7749352671823646,0.638,11.563999999999998,0.3377446278781197,10.2,730.0,0.9263322884012539,10000
0.20424453547279275,0.09423317885291883,0.40203371839826946,0.5926355083840856,0.644,9.153999999999998,0.3493308327526905,7.2,614.0,0.9937888198757763,10000
0.15295222113461887,0.11541024207587207,0.32635004656776867,0.7069226775247228,0.558,7.400999999999999,0.3314127020111986,8.4,560.2,0.8691756272401433,10000
0.1892894221979086,0.12446137256139758,0.2645312094610799,0.8803539588409469,0.5870000000000001,7.105000000000001,0.36886172312456833,7.0,364.2,0.6678023850085179,10000
0.30045361960958517,0.10418200902945852,0.5010973949538988,0.793430273305034,0.6900000000000001,8.36,0.36444586852512034,6.4,619.0,1.108695652173913,10000
0.11800597639445307,0.0763645098922741,0.22773721969070976,0.6487118298333524,0.63,12.246999999999996,0.3678406939877753,11.0,464.8,0.5650793650793651,10000
0.1721958755630816,0.10014514841940071,0.27287154741928915,0.57555261485823,0.645,9.235999999999999,0.3999429697482559,7.8,409.4,0.6697674418604651,10000
0.23901662955179806,0.06383024496508467,0.38013902137290495,0.900066245217721,0.8,15.559000000000001,0.39789826288859353,6.8,553.8,0.8225,10000
0.2667023519573212,0.08091394704486855,0.49387588942390137,0.7371354190392574,0.7140000000000001,10.947,0.37348375507030857,6.6,641.2,1.088235294117647,10000
0.22755539437930244,0.11239965610515751,0.4193132673438818,0.65612395699251,0.6119999999999999,7.866,0.35723269786141254,7.0,573.4,0.9918300653594774,10000
0.10742422127950413,0.08347866276523061,0.20185247687351807,0.8450195219906113,0.578,10.450999999999997,0.33520650617032743,11.2,456.0,0.5519031141868512,10000
0.1847634573678411,0.12410878380613653,0.26242714392357364,0.8744557062523519,0.543,6.807,0.3586857462720086,7.4,403.4,0.7145488029465928,10000
0.25281713494869,0.07277911527801968,0.5339402079854647,0.8985012249934627,0.7130000000000001,12.504999999999997,0.3679233475648952,7.2,748.4,1.1809256661991583,10000
0.21389656388956688,0.11755428937689932,0.4191001851710223,0.6537306150098386,0.615,7.498,0.34766772705718,7.6,605.4,1.0276422764227642,10000
0.1648599309536897,0.08293210349050724,0.31077725329242556,0.2248458067460621,0.65,11.138999999999996,0.3810728571497254,8.0,510.8,0.7861538461538462,10000
0.23647550526248248,0.08187671162224187,0.47024818388441797,0.6471714281818837,0.704,11.084999999999997,0.3825955430217487,7.4,683.2,1.028409090909091,10000
0.1473459771348004,0.06782593220250192,0.3527862929708726,0.7954822025953581,0.72,14.323999999999998,0.33411472591813346,10.0,701.0,0.9027777777777778,10000
0.24530308919082403,0.14576369732050126,0.3584288820834214,0.8305242276456851,0.5780000000000001,6.023000000000001,0.3826891496936051,7.0,449.8,0.9048442906574393,10000
0.22451659116236847,0.10758717282093895,0.44823503444742974,0.6835412723439549,0.6399999999999999,8.195999999999998,0.3458340271208574,7.2,633.4,1.0312500000000002,10000
0.24483355658782469,0.08912477203212477,0.4170100793130893,0.6023177738669795,0.709,10.151,0.40220007980397376,6.8,554.0,0.8801128349788435,10000
0.20515957221845282,0.061038275465179155,0.40658441599671935,0.6692082943387144,0.764,14.940999999999999,0.38745649795102566,8.2,626.0,0.9070680628272251,10000
0.22620865824525277,0.12511636769257484,0.45291680824007063,0.8753741534625352,0.5599999999999999,6.786,0.3493696637657803,7.8,655.6,1.155357142857143,10000
0.24803675126260713,0.10123213588787813,0.43114947960096645,0.7284304183451196,0.686,8.993,0.38005897573133174,6.2,545.8,1.0145772594752185,10000
0.21274536245988399,0.09889701195756168,0.38469074120761254,0.4004644088965727,0.643,8.977999999999998,0.39757748524777575,8.0,571.8,0.8989113530326595,10000
0.21127963100351296,0.08262429591501519,0.37790319474770284,0.5614183803358122,0.722,10.845999999999998,0.41362119518734464,7.4,514.6,0.8365650969529085,10000
0.2106280240410443,0.06955423383875073,0.3877566523935057,0.6055804795035924,0.761,13.676999999999998,0.38421231080997015,7.6,596.8,0.8396846254927727,10000
0.23811515678225195,0.07952510913714522,0.38346317458070456,0.7048319154916015,0.716,11.497,0.3884518887316402,6.2,503.4,0.8770949720670391,10000
0.29787542846299025,0.08913505037950196,0.45974360312577156,0.7575281437637734,0.733,9.883,0.3735241675869785,6.2,548.4,0.990450204638472,10000
0.18072046176322926,0.09539768284249778,0.3502242739492135,0.3783688354533277,0.6120000000000001,9.29,0.36579258540420084,8.2,577.6,0.915032679738562,10000
0.16126873279971693,0.08460845723620167,0.410934384122304,0.768608731611463,0.6410000000000001,10.062,0.34862466162570843,9.2,760.8,0.9750390015600623,10000
0.25427762310242663,0.06979745011456685,0.49677299535422714,0.8465809663046454,0.755,13.011999999999997,0.376873420179047,6.6,657.8,1.0887417218543047,10000
0.1730799624184648,0.0728124907025604,0.34031348507077763,0.40043657185130666,0.6900000000000001,12.738,0.4045056131246554,9.2,611.2,0.8188405797101449,10000
0.15806500043342392,0.07255569117319498,0.3482685508177594,0.41270836679531064,0.701,13.172,0.39438555053152236,9.0,625.4,0.8530670470756063,10000
0.20614795433648572,0.0668506249940371,0.36262184509005446,0.7722124408371577,0.778,14.203999999999999,0.38654407028392257,6.8,548.8,0.879177377892031,10000
0.156174343361524,0.08285356235722172,0.26938817998739434,0.3230843334214622,0.658,10.829999999999998,0.36342602847668265,8.2,459.2,0.7112462006079027,10000
0.2268931316037766,0.08914784399329417,0.4042637521630151,0.4750406467617724,0.672,10.472999999999997,0.3794507711812867,7.2,580.4,0.9851190476190477,10000
0.20276750351894615,0.13313144330467533,0.26477791262797007,0.9088893202787578,0.5720000000000001,6.864,0.38223688745587336,7.0,366.2,0.722027972027972,10000
0.1831757316263302,0.10522051055660692,0.25108422413830056,0.7813536431487264,0.651,8.690000000000001,0.40851585115451544,6.8,393.0,0.6635944700460829,10000
0.23785627954370991,0.10373244975072861,0.40899808366352686,0.527109519320742,0.664,8.889,0.3607382115683168,7.0,533.0,0.8810240963855421,10000
0.1858301274815294,0.10951882916841876,0.3274748247374885,0.4570965951718203,0.6020000000000001,8.169,0.3746572060195138,8.0,502.0,0.7940199335548171,10000
0.11373296024664525,0.058984809979900396,0.19439540291522867,0.694809254110808,0.7000000000000001,16.142999999999997,0.37684592987307886,9.8,430.0,0.5471428571428572,10000
0.22975065237074865,0.08840169626474012,0.3590832898576644,0.6722789851089785,0.712,9.979,0.4104479528156409,6.8,467.4,0.7752808988764045,10000
0.16602228365524643,0.09903300874627309,0.36563167443792166,0.43398492396971067,0.619,9.155999999999997,0.35991122436531964,9.0,625.4,0.9192245557350566,10000
0.19231266358541,0.0878759854728954,0.42019345146626175,0.6394452167977764,0.664,9.919999999999998,0.3798890680870125,8.0,696.0,1.1069277108433735,10000
0.18604812770417842,0.14015326608134174,0.3490456120549583,0.9008786754672503,0.52,6.061999999999999,0.33655406653138564,8.0,522.8,0.9596153846153845,10000
0.23922032839176974,0.10351665926246408,0.399609177588418,0.5869882364673016,0.627,8.358,0.35945865672874494,7.0,530.4,0.9393939393939393,10000
0.25460571447121927,0.07367269540901414,0.3455951878226933,0.8796694390212748,0.763,12.788999999999998,0.3663650528053429,6.0,448.4,0.8099606815203145,10000
0.1492431492979374,0.10902528706604539,0.22233665082553866,0.7591060784402252,0.5569999999999999,8.154,0.3623420833774092,9.0,380.0,0.6427289048473968,10000
0.2159374827119495,0.091970913722459,0.29332613191215406,0.6799431606311304,0.696,9.976999999999999,0.38550441069976593,6.8,408.8,0.7126436781609197,10000
0.16571422601067232,0.11607829527221741,0.3370275205394919,0.5068484558969055,0.587,7.723000000000001,0.3653929026079192,8.2,548.6,0.858603066439523,10000
0.17713684323529516,0.07248388356682524,0.36504000025738004,0.485024406327937,0.7020000000000001,13.201999999999998,0.4041166811133238,7.8,597.8,0.9031339031339031,10000
0.17710733380194735,0.06007482885359582,0.38425947825816453,0.6982639505245648,0.758,15.389999999999997,0.3940084584982616,8.4,646.4,0.8720316622691292,10000
0.18401715372459143,0.10928666389555258,0.24873856894038246,0.850268647109864,0.631,8.456,0.3918983037365198,6.6,362.6,0.6513470681458003,10000
0.3173843761029395,0.08045857296394535,0.5160845480090497,0.845295248417292,0.7360000000000001,11.493999999999996,0.3811267820284238,6.0,592.0,1.1019021739130432,10000
0.21895493517970951,0.0920439808083951,0.3996543023579744,0.47089373237888393,0.6719999999999999,9.833999999999998,0.3824236468660366,7.2,583.0,0.930059523809524,10000
0.17093010428804328,0.0883764132621849,0.3555706051550999,0.2867918898102474,0.641,10.545999999999998,0.3832911485296584,8.2,591.0,0.9110764430577224,10000
0.21241851825053043,0.08830949208042098,0.3131691285131595,0.6159376537495993,0.708,10.849,0.38548814901671197,6.8,448.4,0.8135593220338984,10000
0.17778798143633467,0.06353910733240627,0.42026763631578484,0.6958409438047345,0.748,14.084999999999997,0.3927280824652194,8.4,687.4,0.9385026737967915,10000
0.25311181506813535,0.08260287971030578,0.34748232337614327,0.8903674833429951,0.7730000000000001,11.947,0.37323147238781185,6.0,450.8,0.834411384217335,10000
0.26324143344844664,0.08443361540749318,0.4360229172939522,0.6695610148070946,0.71,10.640999999999998,0.3706585615742434,6.4,550.2,0.9943661971830985,10000
0.12997087690376796,0.09973766350186206,0.2178743777326294,0.6051952888747891,0.58,9.136999999999999,0.40137028484119874,9.4,432.2,0.6551724137931035,10000
0.21958901429946473,0.12159400064829215,0.45124189741150655,0.8752428047012347,0.5559999999999999,7.234,0.35179990047964294,8.2,690.4,1.131294964028777,10000
0.2285836676070786,0.07764171730465558,0.48535666382257453,0.6810305830030073,0.683,11.861999999999998,0.3590361667131442,7.8,708.4,1.0878477306002925,10000
0.21075930245616198,0.07997683725866116,0.48446583407045146,0.8650365831968679,0.6910000000000001,11.315,0.37609941589815554,7.8,773.2,1.154848046309696,10000
0.14146644431706604,0.09431987491764593,0.28140605454905093,0.4674808631159652,0.573,9.585999999999999,0.3618528778138673,9.6,554.8,0.7626527050610821,10000
0.23256509426858743,0.09633623134394784,0.5206434535065521,0.8624066776378012,0.6319999999999999,9.087,0.35294857227234777,7.6,736.2,1.204113924050633,10000
0.1659963967719675,0.10223878864910597,0.251756601899322,0.6382725615401865,0.633,8.693999999999999,0.37639862093903764,7.6,393.0,0.5939968404423381,10000
0.20636929934785603,0.10241712550161115,0.489054482528522,0.9043935024610087,0.628,8.876,0.33375128390059217,8.0,765.8,1.0732484076433122,10000
0.22719730666604673,0.0691108966378222,0.4825350954375647,0.9066090712849446,0.764,14.488999999999999,0.40146349292661165,7.8,724.4,1.0680628272251307,10000
0.23157764293824104,0.059376347287818314,0.38774725054305315,0.905990188990307,0.766,14.966999999999999,0.3769707187253934,6.0,513.6,0.8981723237597912,10000
0.11825335557238553,0.06254187319836564,0.30654123566070607,0.7624455036612866,0.661,14.523999999999997,0.3501664462754806,11.0,665.4,0.7231467473524961,10000
0.18016656377524576,0.1143117693847015,0.28942452567905347,0.6869097920790366,0.597,7.991,0.40482444907167736,7.6,420.4,0.7437185929648241,10000
0.1570634265055154,0.07625902695296347,0.3596338541316305,0.44756797641803764,0.659,11.947,0.36436461329566844,8.8,679.8,0.857359635811836,10000
0.12875980995552194,0.10305893440850113,0.2565851084381067,0.7134800567184052,0.539,8.308,0.3378279740796229,9.4,490.4,0.6846011131725417,10000
0.24147352689692642,0.07111578069460762,0.38967663909400196,0.6561369381791238,0.734,13.244999999999996,0.39483516633991284,6.8,530.4,0.927792915531335,10000
0.14189941523680197,0.054394662002521306,0.355716702237337,0.8956922700836835,0.7390000000000001,17.256,0.3704112682716466,10.2,697.0,0.7902571041948578,10000
0.19451625295496983,0.12684710012005684,0.3091819058184414,0.7801762136780599,0.5359999999999999,6.8069999999999995,0.3778145241994342,8.0,441.8,0.7742537313432837,10000
0.22158642691548391,0.0851400131290545,0.27153610063033223,0.797096631730524,0.6980000000000001,10.643999999999998,0.38298395684935627,6.8,353.6,0.634670487106017,10000
0.2564941086948226,0.07823486269224714,0.34258236199465925,0.8826682957513952,0.741,12.352999999999998,0.36812295877392603,5.8,440.4,0.8663967611336033,10000
0.29192865645240346,0.08577678099215853,0.42083248621793246,0.797907732413163,0.7310000000000001,10.226999999999999,0.3779799692415725,6.0,512.2,0.9972640218878248,10000
0.1640151269640336,0.14106635932124945,0.31786601112501733,0.8574000586917558,0.5309999999999999,6.047,0.3292695230626787,8.6,512.8,0.7909604519774012,10000
0.1761171729901998,0.10308027240539536,0.22820402951408525,0.781185071484399,0.631,8.368,0.3794992035716389,7.4,347.0,0.6085578446909666,10000
0.15720113438096486,0.10717880022931246,0.20466940515813922,0.8501904104145565,0.5730000000000001,7.955999999999999,0.35987225945022777,7.6,351.6,0.6055846422338569,10000
0.2128531540632498,0.06553424013851435,0.3261875353618782,0.7680029922051074,0.75,13.873999999999999,0.3960337626511666,6.6,462.4,0.752,10000
0.1852902911106264,0.11082927101941861,0.34229622941657384,0.7075045786665299,0.5469999999999999,7.628,0.3426523612028519,8.0,541.4,0.9195612431444241,10000
0.15634741498879878,0.06370203674390935,0.3861631754101512,0.6772147657462096,0.723,15.262,0.3858530054661514,9.0,688.6,0.9031811894882434,10000
0.23250691499214998,0.09210553443865915,0.4737482333990949,0.7103368259615561,0.701,10.473999999999998,0.3508261326704435,7.4,699.6,1.0228245363766049,10000
0.11936378390503256,0.09260777931019007,0.1858637032002169,0.7447153393890857,0.601,10.005999999999998,0.3674829376680355,10.4,385.4,0.4941763727121465,10000
0.21221542731083348,0.09709162192582294,0.30009905982497653,0.7637595493960397,0.7070000000000001,9.446000000000002,0.37935882304119684,6.4,412.2,0.7708628005657708,10000
0.19196913314024924,0.08791672638606833,0.3133566681646196,0.43611419337617346,0.6950000000000001,10.626999999999999,0.3928188337915361,7.4,493.2,0.7741007194244603,10000
0.1820323830082097,0.08908777882041859,0.22631506429918202,0.8876785995468218,0.703,10.743999999999996,0.41815706825770205,7.2,335.0,0.5561877667140825,10000
0.1967582525266799,0.05994140469632281,0.44780222288836136,0.8415975513844433,0.7430000000000001,14.444999999999999,0.3679172752217081,8.0,745.6,0.9838492597577386,10000
0.15746306342503236,0.0516063982984367,0.31576518377888024,0.7703537880576831,0.7550000000000001,17.285,0.4063937742543214,9.2,562.4,0.7271523178807946,10000
0.173332420253806,0.06956000189366887,0.395161380899114,0.6648229374764629,0.702,12.642999999999997,0.36852661292754063,9.8,721.2,0.8888888888888891,10000
0.27706936143814304,0.09411696799408344,0.3827124843438873,0.9033381988523147,0.7430000000000001,10.359999999999998,0.34904238760342376,5.8,451.6,0.8802153432032301,10000
0.2841958398292337,0.0912431046771088,0.4213603069188639,0.8420975714925629,0.714,10.127999999999997,0.33428816025571084,6.0,526.6,0.9859943977591038,10000
0.20087599214906113,0.0663201995391439,0.4209220897225467,0.6590087137518412,0.728,14.747,0.38482879008825666,8.4,675.0,0.9848901098901099,10000
0.23683590071805552,0.06923797374923993,0.39058588633292884,0.6697786401440757,0.7630000000000001,13.205999999999994,0.3795693875436491,7.0,494.8,0.8086500655307994,10000
0.15443116579744412,0.0662893609140974,0.39269882499233044,0.7581825490412873,0.6950000000000001,13.982999999999999,0.3640988402698099,9.6,752.6,0.8676258992805755,10000
0.29334591144426,0.08733432021748741,0.4956723480372133,0.8660324828262305,0.7190000000000001,10.100999999999999,0.3529195669938442,6.0,592.0,1.1404728789986092,10000
0.24070959546060436,0.11662505373694548,0.3606013280052196,0.7208789689976185,0.625,7.563,0.3749654985740709,6.6,458.0,0.8576,10000
0.20153840050613586,0.07002163427936084,0.3530775429343863,0.6424987032041171,0.734,13.716999999999999,0.40828254229876687,7.2,490.6,0.7656675749318801,10000
0.16539477588555368,0.07193010210388677,0.4144160750673318,0.6181579211617952,0.65,12.317,0.3596039785505851,9.2,722.6,0.9384615384615385,10000
0.22136719006606234,0.12139159522248871,0.28448031612440355,0.8550491226473645,0.589,6.852000000000001,0.39013528573147516,7.0,384.8,0.7758913412563668,10000
0.22134753876570404,0.0635460436019295,0.46754054147301666,0.8476035982290543,0.775,14.02,0.40298941475272054,7.6,683.6,1.0206451612903225,10000
0.1773361587169589,0.13577403482738132,0.2874592216747397,0.8879137952167296,0.538,6.162999999999999,0.3705246389656679,7.2,433.6,0.7862453531598512,10000
0.19011724719393863,0.07916646599889844,0.2920811175587244,0.7328589986513844,0.72,11.969,0.4250732175460623,7.2,427.8,0.7652777777777778,10000
0.23404413322096784,0.09740348503463475,0.3558208914089835,0.8393222410069606,0.6599999999999999,8.657,0.34229092519489973,6.0,455.4,0.9045454545454548,10000
0.1655264080201011,0.09403364644408936,0.27202329815567233,0.47190453572626495,0.667,9.944999999999999,0.3837209923439707,7.4,450.4,0.7436281859070465,10000
0.1577516882898499,0.06722946100639855,0.25614433858741753,0.5498161664644922,0.717,13.51,0.40980581212759415,8.2,454.4,0.6624825662482566,10000
0.19324366741516436,0.06742360580026928,0.2759715479669988,0.7740143189791027,0.738,13.873,0.395651586833499,7.0,402.0,0.6531165311653118,10000
0.17959635653186373,0.08434420332844927,0.3221041809083989,0.26814478526812024,0.6559999999999999,10.443999999999999,0.3834776422312834,7.8,530.4,0.7957317073170733,10000
0.2082919656881813,0.10354594250280204,0.35240689933782915,0.5620131136255211,0.655,8.764,0.39482332321221614,7.0,489.6,0.8427480916030535,10000
0.2117663771380152,0.10985670366673049,0.4268671833287944,0.6112989283560217,0.625,8.386,0.37699094248997417,7.6,621.0,1.1104,10000
0.25229938575401634,0.09983801071182055,0.41523732401871083,0.6630394637008414,0.659,8.474999999999998,0.3736266039415675,6.6,533.0,1.031866464339909,10000
0.1585482104508089,0.0891482437691426,0.328925212979589,0.23671004588087038,0.638,9.915999999999999,0.37936341799313933,8.4,582.0,0.8275862068965516,10000
0.2825550482474242,0.10248592205839462,0.37499025310843304,0.904798445616616,0.699,8.555,0.3518506744578457,5.8,434.2,0.9270386266094421,10000
0.1831969804880184,0.10251488666867926,0.2585229245431874,0.708399803638431,0.663,8.782,0.3868659373245308,7.0,387.6,0.6923076923076923,10000
0.1613110004599933,0.10775204328479324,0.22508841604225704,0.7764827769742046,0.611,7.998999999999998,0.397232749715197,7.4,370.2,0.6366612111292962,10000
0.12106709541382335,0.0745966126803289,0.165896801945845,0.7561935721651136,0.644,12.471999999999998,0.4013161650332682,10.0,357.4,0.4798136645962732,10000
0.1661171928217218,0.10722473801060883,0.1976602444207276,0.8824438986942408,0.592,7.998999999999998,0.3914943941313639,8.6,312.6,0.5371621621621622,10000
0.25770812768131296,0.1175213095356991,0.4958986721975083,0.908359661855514,0.651,7.534000000000001,0.3682881619882726,6.2,644.8,1.1874039938556065,10000
0.2357635644021109,0.09912236269018475,0.3246038942479448,0.761578307630898,0.6819999999999999,9.305999999999997,0.3685365588464313,6.4,403.6,0.7815249266862171,10000
0.16503296058394198,0.13437416228690258,0.27895136458630443,0.8509299334972864,0.526,6.3469999999999995,0.3570634090490281,7.8,450.4,0.752851711026616,10000
0.18963662202925052,0.05962757953117391,0.2994760337793811,0.7684733967335952,0.7699999999999999,15.448999999999998,0.39163651911016306,7.4,459.6,0.7142857142857144,10000
0.20258331133156285,0.09503152310430475,0.3561903947605418,0.5011325642069392,0.6950000000000001,9.718,0.3961543371674361,7.2,516.6,0.8676258992805755,10000
0.24184316079585189,0.12229094122574008,0.484427689648441,0.89110157564515,0.5820000000000001,7.181,0.34882588391224056,7.8,686.6,1.2147766323024054,10000
0.29444974865319135,0.08452094230186119,0.5218626119727127,0.8884563850682181,0.729,9.892999999999997,0.3496566056899958,6.2,643.0,1.1262002743484225,10000
0.2004284684185246,0.12621771366786141,0.4370999350084816,0.8604731290048593,0.5599999999999999,7.1850000000000005,0.3416379744542574,7.6,650.2,1.1035714285714286,10000
0.25999282329617307,0.10146760035044428,0.4107302019715901,0.6639004578766566,0.658,9.077999999999998,0.3511072469951297,6.6,527.0,1.0075987841945289,10000
0.11825461698122407,0.06516626185321663,0.21630118843101195,0.5901902472057167,0.667,13.816999999999998,0.38631974236842864,10.4,463.0,0.5142428785607196,10000
0.2347367394106332,0.08623683788606917,0.5037598535970007,0.8765393248911428,0.686,10.712,0.37027422022256007,7.2,748.6,1.193877551020408,10000
0.1115567303045842,0.05651831715105377,0.2417931377843485,0.7505146991388063,0.6839999999999999,16.141,0.38996926718573055,11.0,534.8,0.6125730994152048,10000
0.23207588680400829,0.06599997710261034,0.3939254986915642,0.7094314217044766,0.764,13.607,0.3866637212346616,6.8,549.6,0.8534031413612565,10000
0.14742310070123577,0.09335577580454736,0.3813304229368115,0.8261936074523668,0.5900000000000001,9.533999999999997,0.33927750469523016,10.0,727.8,0.9779661016949152,10000
0.20917022196384166,0.08502156404520478,0.44243279198604857,0.6217719860428977,0.6799999999999999,11.190999999999999,0.38360905101283355,7.4,685.8,1.011764705882353,10000
0.23206123635548645,0.13612620931457456,0.4380712550871911,0.9043397589639051,0.5519999999999999,6.383,0.34111502720229325,7.4,605.0,1.1268115942028987,10000
0.2137069533950966,0.10984060477826317,0.30433830528030176,0.7814085467107371,0.6290000000000001,7.953,0.41487708112039545,6.8,427.0,0.8155802861685213,10000
0.25550166329971147,0.11595321769533662,0.4074093533198295,0.6796162117310468,0.639,7.717000000000001,0.40013734729951106,6.8,504.2,0.9420970266040689,10000
0.11115904657337525,0.06202225218877141,0.218627798382561,0.6241653063437144,0.666,14.868999999999996,0.36411025700650307,10.6,497.6,0.5495495495495495,10000
0.19246883150652788,0.11632003449806128,0.26764469278841413,0.7861686479455582,0.6140000000000001,7.811,0.3621949035271315,7.2,368.4,0.6954397394136806,10000
0.16436981327792766,0.08852564739839829,0.2080931987565222,0.8494575794808461,0.655,10.104,0.41021631256646585,7.6,318.2,0.5587786259541985,10000
0.2488016414767572,0.11326440924078367,0.5087081431160263,0.76181280020538,0.625,7.778999999999999,0.35381607023900774,7.4,675.2,1.1056,10000
0.20956110717585816,0.09245713766611328,0.3662305089226747,0.47691156762547177,0.6769999999999999,10.422999999999998,0.40678469839736164,7.4,559.4,0.9098966026587889,10000
0.20094723607269058,0.10452611024045941,0.48334677029248563,0.8893769436737455,0.628,8.358999999999998,0.347070949101707,8.0,758.6,1.1353503184713376,10000
0.14019800965665452,0.07550947257664842,0.18734090904603412,0.8758189534938833,0.671,12.271999999999997,0.4212895194667096,7.8,326.2,0.46646795827123694,10000
0.23715552379903224,0.12969624375952665,0.3394474024437093,0.8403659956871468,0.592,6.801,0.3481609715162791,6.6,457.0,0.8969594594594595,10000
0.25304315665394594,0.0742949624835072,0.43164768781304486,0.6793335446886571,0.751,12.634999999999998,0.394403599506682,6.8,556.4,0.9214380825565913,10000
0.21458117815950378,0.1013495837332573,0.35625405383756253,0.5094457723167437,0.669,9.039000000000001,0.3858059152990415,7.2,487.8,0.8908819133034379,10000
0.2021163828153873,0.08540969600502162,0.4009824126956918,0.4378244838317069,0.6719999999999999,10.437999999999999,0.3925610684281036,7.6,606.4,0.949404761904762,10000
0.1828437774165811,0.0940904717828521,0.24614220141505633,0.7046886511229502,0.6620000000000001,9.899000000000001,0.39869434513501256,7.4,365.4,0.6389728096676736,10000
0.27910095656834527,0.09029674138666265,0.4479453475881748,0.766141006715099,0.716,10.012999999999996,0.35984942567228245,6.2,553.2,1.0628491620111733,10000
0.2045154822285615,0.11073804138670472,0.4304271362569912,0.8257246215849141,0.5780000000000001,7.5969999999999995,0.35140676255586767,8.2,686.6,1.1626297577854672,10000
0.14504456083011222,0.08641472234650814,0.18936627136128675,0.7754962261740622,0.641,10.409999999999997,0.4137766826583976,8.2,337.2,0.5507020280811232,10000
0.1951152511606921,0.10865473509575266,0.4280061725107799,0.6874144438337869,0.6100000000000001,8.007,0.360485410048689,8.2,689.2,1.039344262295082,10000
0.1693892619876504,0.07495458669625986,0.33750402136866176,0.256696974571391,0.696,11.639,0.386407295552401,8.2,573.6,0.7959770114942529,10000
0.240724580808409,0.09785636448849967,0.3375306697380398,0.9051936202254862,0.7110000000000001,9.883,0.3369618377062333,5.8,436.0,0.8045007032348804,10000
0.27510593345912804,0.066784575557039,0.5266360678576673,0.9044995383975358,0.765,13.233999999999998,0.37546882522158276,6.6,678.0,1.100653594771242,10000
0.19537748251509918,0.0772323277075422,0.49460426159471416,0.8883812024514803,0.7049999999999998,12.363999999999999,0.35828750953046473,8.6,798.2,1.0510638297872341,10000
0.18864417462922664,0.09738992504693113,0.351644580098015,0.35226175069342286,0.63,9.078999999999999,0.3660704504961932,8.0,557.6,0.8809523809523809,10000
0.2486742883435222,0.12669740272473606,0.5024807329452693,0.8855659545560485,0.585,6.747,0.33496415668755947,7.6,676.6,1.0854700854700854,10000
0.22029483274346262,0.05595353415384476,0.3578416848592523,0.8415273619734646,0.778,15.533999999999997,0.41588582613333347,7.2,525.4,0.834190231362468,10000
0.18190819807237854,0.10929792444627785,0.36855546952617657,0.5597631961287197,0.591,8.156,0.3551453169352384,8.8,616.0,0.9780033840947547,10000
0.2499015524982249,0.09524714801717395,0.4699954021987364,0.86371235873551,0.703,9.657,0.35778442920663167,6.0,612.8,1.147937411095306,10000
0.22531799867149552,0.107783602348318,0.4274375935898855,0.6843997983829222,0.596,8.249999999999996,0.3747144270143273,7.0,595.0,1.0604026845637586,10000
0.20521832164579573,0.06409623153698227,0.33963902032042664,0.7449936857197322,0.752,14.727999999999998,0.40524360850410385,7.0,493.4,0.8430851063829786,10000
0.24435683258171292,0.12434817790865783,0.48661527640532204,0.7742524511760581,0.616,7.206,0.3508541919626114,7.4,660.4,1.0909090909090908,10000
0.2720170513571973,0.06857896996754559,0.49150949622538853,0.8188986101830248,0.7620000000000001,13.930999999999997,0.3684676028148024,7.0,661.0,1.048556430446194,10000
0.2579553655783255,0.09686877958316907,0.33687940968059504,0.8819117809312033,0.7150000000000001,9.532,0.3777801317678663,5.8,416.6,0.8209790209790209,10000
0.2245720645934031,0.07845104052579885,0.30277876327816045,0.8411287166540229,0.7310000000000001,11.474999999999998,0.38440647135631867,6.2,396.8,0.7113543091655266,10000
0.16470948090346255,0.060402867721118615,0.3788550681982919,0.6267064016513482,0.736,15.421000000000001,0.38200227640301326,9.0,652.6,0.8179347826086958,10000
0.1518870360775225,0.09508667332971737,0.2735288037146746,0.5256826748305612,0.5960000000000001,9.038,0.3483906694315319,8.0,461.6,0.7533557046979864,10000
0.18543368443422725,0.12731021796351252,0.25606261947550835,0.8338409678775818,0.603,7.169,0.39984882545137,7.0,386.6,0.7446102819237148,10000
0.19448841093571903,0.0882661043781732,0.463532715378934,0.7921175971147575,0.658,10.341,0.3492148420644569,8.8,767.6,1.0379939209726443,10000
0.28015690485442013,0.09322610066077856,0.48978199689343366,0.8404632201531828,0.694,9.264999999999999,0.3442882618725333,6.4,640.8,1.1325648414985592,10000
0.1571996376879298,0.1254846925676575,0.33062970817740656,0.8622255354265396,0.503,6.651000000000001,0.3445102393383302,8.6,540.0,0.8906560636182903,10000
0.28810616116877497,0.0760252358870039,0.4385717349164014,0.8146659857260143,0.736,12.069999999999999,0.35419055965392177,6.0,541.8,0.9972826086956523,10000
0.18467705861680322,0.06086751520600207,0.40656061904391794,0.8971932879350846,0.787,15.486999999999998,0.40830132061216656,8.0,682.0,0.9440914866581956,10000
0.1586635990671725,0.06967095957148328,0.2066345158738696,0.8333800791915178,0.711,12.979999999999999,0.41463244545822864,8.0,336.6,0.5330520393811533,10000
0.20013056337990934,0.12768501443539548,0.34279452826784573,0.7513778227273064,0.569,6.571000000000001,0.3717727651404178,7.2,496.2,0.9279437609841829,10000
0.2655046470014034,0.10190797065193308,0.4225986726587648,0.6686675376396465,0.6990000000000001,8.939999999999998,0.3719800035319817,6.6,539.8,1.0314735336194563,10000
0.1864563702690719,0.08095353751529731,0.38909505562773666,0.5560323134801258,0.672,12.315999999999997,0.39401285791549023,10.2,661.4,0.8675595238095237,10000
0.25054203584871193,0.10252468132285256,0.4767770678718528,0.7579139468658631,0.662,9.124999999999998,0.38283089071091425,6.8,662.8,1.1450151057401812,10000
0.29052904919486194,0.1132855953337251,0.44327337348878554,0.8688734446780971,0.6769999999999999,8.27,0.35006270250899735,5.8,486.4,0.9852289512555393,10000
0.22212646123426688,0.0778034254208835,0.388189160479062,0.5677354539808177,0.744,11.61,0.40992502091044225,7.6,546.8,0.8696236559139785,10000
0.32496311855103593,0.11559999143400222,0.5096042558588145,0.8334993923005951,0.643,7.233,0.3887399356746041,6.4,589.8,1.150855365474339,10000
0.17207516840175732,0.05885756949192045,0.31221979543494716,0.5763506208610447,0.731,16.067,0.37197123453347597,8.2,522.0,0.7250341997264023,10000
0.25108515170615636,0.07735691945679526,0.516401812375888,0.7412713657468055,0.726,12.104,0.394222389030608,7.6,700.2,1.0895316804407713,10000
0.2062785549469437,0.10679995641738875,0.4661579483589091,0.807103657962978,0.635,8.526,0.3307019794509728,8.2,720.2,1.062992125984252,10000
0.21970987835146696,0.07580034776012773,0.4477305743726386,0.56495396553074,0.7099999999999999,12.198999999999998,0.3974672552383203,7.4,630.0,0.9619718309859157,10000
0.26109909756633914,0.12485293832035155,0.37671528804535764,0.8719720229976375,0.62,6.8629999999999995,0.38319320752642605,6.2,453.8,1.0048387096774194,10000
0.1926446370569092,0.10712081790044778,0.40961453328886943,0.7451056633617154,0.5740000000000001,8.172,0.3516811663722535,7.8,674.4,1.013937282229965,10000
0.23246811786704952,0.08928159964398079,0.45929843388139535,0.5799033940396778,0.688,9.959999999999999,0.3828322602819899,7.6,666.8,1.0145348837209303,10000
0.16000755838717257,0.08665235580800093,0.36334685248161663,0.7127437399281382,0.587,9.727,0.3236805913900414,9.6,655.2,0.9284497444633731,10000
0.16971610752523608,0.11281974905300787,0.40296905425633817,0.7092398910447674,0.5840000000000001,8.054999999999998,0.3599087827132904,8.8,689.4,1.0256849315068493,10000
0.27435470311628024,0.07205878951219984,0.44872895610783625,0.8830917206849245,0.7750000000000001,13.415999999999997,0.39555933127740994,6.2,566.6,0.9999999999999998,10000
0.24399880277060024,0.12182007292535277,0.40337649393296354,0.626368625608538,0.598,6.954000000000001,0.37371892781263716,7.6,514.0,0.9732441471571908,10000
0.2213107013111503,0.0597205184765495,0.37208110893299245,0.74973225468964,0.759,14.451000000000002,0.4218610205914123,7.4,536.0,0.8563899868247694,10000
0.18894144316508774,0.10494922043933426,0.4011276011546307,0.5221423177388422,0.588,8.551999999999998,0.36714503659644154,8.6,630.0,0.923469387755102,10000
0.18051681121029106,0.09876067884818246,0.37275189279553134,0.43903786208857454,0.649,8.897,0.33808496155690565,8.6,589.6,0.8412942989214175,10000
0.26191814546056047,0.08628482465935364,0.44707266284243624,0.5944603519231239,0.697,10.512999999999996,0.364888547157015,6.8,577.2,1.0157819225251077,10000
0.22421939091379745,0.09478489820244261,0.33364860165883403,0.87543981120294,0.6950000000000001,9.605999999999998,0.35541551474213284,5.8,416.6,0.8043165467625899,10000
0.19853326352849412,0.09265635527126938,0.3898419916632621,0.400727468257648,0.624,9.357,0.3678388400058513,8.2,605.6,0.9535256410256411,10000
0.24401708589869278,0.07034395943426561,0.4862866085923555,0.7581556325903616,0.729,13.325999999999999,0.36851557416977665,7.2,682.4,1.0850480109739369,10000
0.16944653265774431,0.0814124364862373,0.2808404442418251,0.36220289286269886,0.67,11.177999999999997,0.4034652666199808,8.2,474.8,0.6985074626865672,10000
0.1706022999729384,0.09869387159495333,0.20063834968840438,0.9048753108365191,0.621,9.401,0.3826653885457093,7.2,304.8,0.5265700483091788,10000
0.2138702500616863,0.07646027417717409,0.3931066362184312,0.5320946051818791,0.7030000000000001,12.205999999999998,0.39834117442075756,7.2,575.0,0.9630156472261734,10000
0.1565438477655511,0.09517895916323496,0.22142243458503091,0.6588493552948813,0.624,9.97,0.3750471477244333,8.2,356.8,0.5689102564102564,10000
0.1831849135285723,0.0982972038102586,0.3399212212435629,0.4120768805674166,0.642,8.892,0.3903688116229376,7.6,537.6,0.8442367601246106,10000
0.12980561454262504,0.10265049358928655,0.296407501793139,0.7647243586817773,0.563,8.288,0.3429454089933,10.6,616.4,0.7317939609236236,10000
0.19182233938859694,0.06406890815453323,0.45210720549657957,0.8168420511760254,0.726,14.206999999999999,0.3602408247308014,8.4,749.4,1.0206611570247934,10000
0.290070034507609,0.07479468278641196,0.498230597053589,0.8367298601473163,0.759,12.461999999999998,0.3726139138891462,6.2,613.6,1.0039525691699605,10000
0.15565018044065312,0.12652433881268726,0.2760022400878385,0.6494571630875412,0.553,6.974000000000001,0.3844570588174123,8.8,491.0,0.7811934900542495,10000
0.16122697282372747,0.09423374772135457,0.23146398941715854,0.6484124160076213,0.65,9.565999999999997,0.3806593158022089,7.6,374.4,0.5938461538461539,10000
0.31513453169268396,0.08871578637479793,0.4326640599995675,0.8553612952912018,0.736,10.536999999999997,0.35842162517000464,5.8,506.0,0.9864130434782609,10000
0.23748105375429193,0.09106151711527177,0.4874631451750099,0.7522517348509071,0.717,10.185999999999998,0.39036693074657236,7.0,674.6,1.097629009762901,10000
0.1582461500945638,0.0632154194613424,0.39897385881958797,0.7630890355518986,0.713,14.686999999999998,0.37017359085581486,9.6,733.0,0.9312762973352035,10000
0.1874741072414193,0.10604556767658602,0.3682201174104644,0.5083517890441543,0.6039999999999999,8.405999999999999,0.38693454865860694,7.6,566.2,0.9139072847682123,10000
0.15166449223748998,0.08568300662053488,0.3740974782935002,0.8192266368486786,0.65,11.416999999999998,0.31677521088146665,10.2,713.8,0.8707692307692307,10000
0.18780364442624572,0.06492159823196693,0.38329362755365975,0.5547600891487358,0.74,13.998999999999999,0.3899337873166953,7.6,578.8,0.8540540540540541,10000
0.19126917728372392,0.05307835832267179,0.3607511871995501,0.8319107064588425,0.764,17.451,0.4060936960141885,7.8,562.4,0.8246073298429318,10000
0.23771628825929633,0.0904090148548664,0.4216091723912083,0.4788705731389222,0.656,10.082999999999998,0.38503048348515534,7.8,634.0,1.0198170731707317,10000
0.23389694852831405,0.11326523958268385,0.419834012699976,0.6200517570317011,0.607,7.831999999999999,0.36178313343412827,7.2,575.8,0.9736408566721583,10000
0.11723180229694528,0.07548518541480104,0.23310363257345568,0.3123488185667593,0.639,12.191999999999998,0.3772829599433746,9.6,495.0,0.6134585289514868,10000
0.24043859969402698,0.0772804140363549,0.4998884133712547,0.7177570513962228,0.718,11.654,0.3849159919748889,7.4,689.0,1.1058495821727021,10000
0.18596809706711526,0.0899973037357073,0.42184198847388993,0.6703411905108742,0.633,9.864,0.33912009677717003,8.6,703.4,1.018957345971564,10000
0.16802052248328503,0.1284069635992387,0.33465216132671877,0.8010861997268586,0.54,6.925,0.3306990846999599,8.6,572.8,0.9537037037037037,10000
0.22218151423422366,0.12194879679735145,0.4296689694440507,0.6994188792355299,0.588,7.3709999999999996,0.3723144019774206,8.0,651.4,1.066326530612245,10000
0.19882055574427493,0.06853091887118255,0.2970850993724935,0.840904669086323,0.771,13.758,0.37455609769015624,6.6,425.6,0.6939040207522698,10000
0.22877449560603882,0.07871593479538234,0.3590697639862541,0.6255131495716214,0.721,12.101999999999997,0.3882990559198623,6.6,516.0,0.8737864077669903,10000
0.22251550348487767,0.10060875477871684,0.47964869514507225,0.8037632163264489,0.6489999999999999,8.839999999999998,0.3490228225984612,7.4,718.4,1.107858243451464,10000
0.12202853870339904,0.05777480490208659,0.21132105991370942,0.7382141761575747,0.71,15.995,0.40880244263223736,9.2,416.6,0.5577464788732395,10000
0.1798899473684173,0.11582998486357306,0.35368450612121766,0.7554631193516581,0.518,7.164,0.35747179994097805,8.8,559.0,0.8841698841698841,10000
0.170135344265005,0.10886895711381138,0.3384183014445144,0.5268882528125244,0.5720000000000001,8.059000000000001,0.35616534602427924,8.6,533.2,0.8391608391608392,10000
0.21614067327321249,0.1262459565428319,0.3039961417563434,0.85274554628831,0.604,6.99,0.37696324647802376,6.6,396.2,0.7566225165562914,10000
0.28801578566828845,0.06834440192621671,0.5132750652558442,0.8960314236730177,0.764,13.648999999999997,0.38804881766910404,6.6,663.6,1.0942408376963348,10000
0.1645570274630189,0.08187864639118263,0.40726768523098866,0.7464642228065533,0.639,10.981999999999998,0.3523794221854366,10.4,723.8,0.9436619718309859,10000
0.25519000447421347,0.08019753993625911,0.3564184838783037,0.7131692850833151,0.728,11.782999999999998,0.4163910828180356,6.8,465.2,0.7815934065934066,10000
0.24654478586729192,0.13201065913416535,0.3837899083042663,0.7613176482832231,0.6060000000000001,6.546000000000001,0.3717485905652182,6.8,489.4,0.9702970297029702,10000
0.14829741584062223,0.12177655156002613,0.31818167209167064,0.6568842990995354,0.561,7.650999999999999,0.3427365263471122,9.6,567.8,0.7896613190730836,10000
0.13175890480555932,0.04932511612743384,0.26589220481650433,0.8600197692503708,0.732,18.527,0.3965913388295119,10.0,527.6,0.5956284153005464,10000
0.20059480705661256,0.07260037269793249,0.48925654402605706,0.7711055663072478,0.7249999999999999,12.312999999999999,0.37277141537294395,8.6,750.6,1.0455172413793106,10000
0.12164254346735714,0.08976257657452073,0.19805219542179053,0.6902821237836507,0.598,10.020999999999997,0.3771153584376587,10.2,394.8,0.5250836120401338,10000
0.17988626876648342,0.07092355033650874,0.24788220309583206,0.7098736768247282,0.7,12.706,0.4273630687413984,7.8,408.8,0.6142857142857143,10000
0.17458218109152734,0.10557882125799486,0.3300995207937045,0.6149553841735154,0.583,7.8469999999999995,0.3688033523254912,7.4,528.8,0.95368782161235,10000
0.23049168942242973,0.08604591608855931,0.43899112614359015,0.5902565762200007,0.695,10.489999999999998,0.40160635944055667,7.2,620.4,1.0,10000
0.14770417432724878,0.05632751739288078,0.3428554108135006,0.8000852650333733,0.764,17.069,0.36474602808679896,9.4,641.6,0.7709424083769633,10000
0.18114006681830447,0.05797788509423334,0.34866867337988805,0.831910096653191,0.784,15.754,0.40575213957765827,7.2,550.0,0.8073979591836734,10000
0.1492628236370753,0.05369680643748856,0.3037376232073202,0.7181924372534984,0.761,16.832,0.3943691953389788,8.6,564.6,0.6819973718791065,10000
0.1495026834428627,0.08673740935842512,0.25484702457881625,0.3487911918859764,0.6370000000000001,10.725999999999999,0.37723245378188003,9.4,459.2,0.6342229199372055,10000
0.24980894633491932,0.07847932079516746,0.4711348724230524,0.7274895842371868,0.709,11.114999999999998,0.3631508572981277,7.0,675.2,1.0944992947813823,10000
0.18711246026517783,0.06214106740378925,0.34299824836659676,0.6148544171580144,0.7450000000000001,15.210999999999999,0.3964110345317058,7.8,571.8,0.8093959731543622,10000
0.20223691422032142,0.05998667406145632,0.2875508211599674,0.9008863980975597,0.78,15.625999999999996,0.4017499804237229,7.0,431.8,0.6743589743589744,10000
0.225117649475152,0.13201774921207934,0.35291342650812596,0.8084872424161298,0.568,6.515000000000001,0.35659492422773564,7.0,480.0,0.9242957746478874,10000
0.23086909118264226,0.095354476426288,0.4423969160305401,0.580209646036804,0.6759999999999999,9.529999999999998,0.38184360312564036,7.4,635.4,1.0710059171597635,10000
0.2309997052228455,0.0985447974907155,0.44031151212370245,0.617003350345991,0.687,9.165,0.36751642996866923,7.0,619.8,1.0218340611353711,10000
0.24144288314548693,0.0783654594137744,0.3404891639026151,0.7176365543234733,0.747,11.596999999999998,0.3840802683934019,6.6,451.0,0.7416331994645248,10000
0.20608897940950804,0.09901654199099703,0.2935754060848152,0.6842799919163168,0.67,9.415,0.373254583967022,6.8,401.4,0.7149253731343284,10000
0.23868722943047113,0.13175890684820687,0.4044312699215648,0.733586662109884,0.589,6.6110000000000015,0.394321742859247,7.2,510.6,0.9762308998302207,10000
0.2505094923381221,0.095464758359156,0.48462669163229527,0.7048522798719913,0.6519999999999999,9.612999999999998,0.3694669696363252,7.2,660.4,1.182515337423313,10000
0.12109984496178924,0.11109679742581396,0.22194036029272618,0.7317888792611508,0.54,8.386,0.34175286761786994,9.0,443.8,0.6444444444444444,10000
0.105879647991531,0.06955267406994502,0.21029686326847008,0.8574764303113586,0.649,14.346999999999998,0.35496478596046577,11.8,493.4,0.5408320493066255,10000
0.1664117920122072,0.0694077648195644,0.3825538076216292,0.511551732128178,0.7060000000000001,13.158999999999997,0.38297931630763227,8.2,665.8,0.9022662889518412,10000
0.1875612663258324,0.0877415935541062,0.29635818071877873,0.5135905202195058,0.661,9.854,0.378224131026957,7.2,445.0,0.7382753403933433,10000
0.11773480593494468,0.11384889183567473,0.23361740987012736,0.8298405749943719,0.511,7.853,0.3450900727566054,9.8,479.8,0.6966731898238747,10000
0.14837099961044403,0.12600537483022914,0.2859801827486332,0.8890909259933127,0.491,6.585000000000001,0.3639054564065287,8.8,475.0,0.8207739307535641,10000
0.1824540640387278,0.12292357183565912,0.2986422433658065,0.727170950624321,0.5599999999999999,7.018000000000001,0.3483323458733728,7.8,465.8,0.8125000000000001,10000
0.30213852022376864,0.07606258972609653,0.47521063164730215,0.8577162798561951,0.7740000000000001,11.643,0.38864097193780645,6.2,574.6,1.0219638242894054,10000
0.22413861530389362,0.11339910456107308,0.296040081753389,0.8058402355965603,0.65,8.049999999999999,0.4095425121762325,7.0,378.2,0.7076923076923077,10000
0.22741152223556618,0.08685429067450727,0.39224792727301677,0.5889127328787007,0.7,10.069999999999997,0.39113902697655545,6.8,559.4,0.9685714285714285,10000
0.26553228409663077,0.0988516762162023,0.5148552385561818,0.7603664786689872,0.652,8.763,0.3649299264804594,7.4,693.2,1.1717791411042946,10000
0.25362598945110926,0.07936967720780642,0.4226990356590829,0.628807219326987,0.718,11.14,0.38740997815475653,6.8,590.6,1.00974930362117,10000
0.2525911445962663,0.10713003234375178,0.4098354902565873,0.6301185129301434,0.6599999999999999,8.666,0.3897844072680685,6.6,535.0,0.931818181818182,10000
0.2458675769108268,0.06464084125402604,0.44314017171312736,0.8084738410261211,0.7649999999999999,13.789999999999997,0.4075360710184202,6.8,584.0,1.0052287581699348,10000
0.21588077615348109,0.08595503515173653,0.43007424586419324,0.5248045137003603,0.7,11.056,0.3588063252723598,7.2,602.0,0.9614285714285714,10000
0.22341313952470987,0.07819641948442987,0.371916134592331,0.4490215198605331,0.6809999999999999,11.761999999999999,0.4035857789071475,7.4,509.6,0.8443465491923643,10000
0.19409879364155824,0.119727317588471,0.397061458950686,0.7443542165378616,0.577,7.670999999999999,0.324001880202632,8.8,633.6,0.927209705372617,10000
0.17255190066596246,0.059256441997159334,0.30996335722784185,0.7187071313816995,0.768,15.320999999999998,0.4167419139731233,8.4,524.4,0.6783854166666667,10000
0.22091984709592494,0.10450095160746206,0.3365220890634848,0.6636332696679066,0.6769999999999999,8.514,0.39495611096837135,6.8,445.2,0.7932053175775482,10000
0.15823230450599285,0.05506804744552476,0.30749635473772624,0.7037496193988221,0.741,17.005000000000003,0.39750660132458954,9.4,556.6,0.688259109311741,10000
0.26942012332108123,0.09546537943948809,0.5189763579569094,0.7834536793389055,0.659,9.086999999999998,0.3786272090062576,7.2,688.2,1.2139605462822458,10000
0.1823097715573547,0.10170768638982601,0.2530798828998577,0.7043974040209819,0.6319999999999999,8.675999999999998,0.3893938844022793,7.4,374.4,0.6598101265822787,10000
0.2134873720065115,0.0938419281149383,0.27813874113326115,0.7714415405369809,0.6719999999999999,9.181000000000001,0.39809914867495716,7.0,365.0,0.6562500000000001,10000
0.159515313887473,0.1216535533383671,0.28725790459781975,0.6520854044653789,0.5599999999999999,7.177000000000001,0.3706175310228633,8.4,459.0,0.7821428571428571,10000
0.1442026495190368,0.09523142090238884,0.1912104459153281,0.8001860899056964,0.6,9.404,0.4013041817626307,9.0,333.6,0.5166666666666667,10000
0.24862312518358867,0.07714059915967779,0.4748529567838863,0.7748018438275149,0.725,11.777,0.3652006431794207,6.8,662.2,1.129655172413793,10000
0.2253076115656276,0.09412122104441031,0.5026282439353612,0.8493113330825978,0.6599999999999999,9.765999999999998,0.3662766147983811,7.4,749.6,1.1636363636363638,10000
0.17824058936703427,0.07909673860445911,0.2551019787167089,0.6623780175670668,0.694,11.628999999999998,0.4104184938186859,7.6,393.0,0.6138328530259367,10000
0.22083291088146906,0.12557658887510942,0.4064792420148762,0.8319127711517934,0.5860000000000001,7.236999999999999,0.3358256422431347,7.0,590.8,1.0870307167235493,10000
0.16094876790356358,0.06631363060790425,0.256721135004724,0.5923047172479615,0.7170000000000001,14.276,0.40680006133066227,8.4,442.0,0.601115760111576,10000
0.17914868117979468,0.10285411136510615,0.4019467942130878,0.560607307382681,0.619,8.813999999999998,0.3520143984243299,8.4,659.0,0.9709208400646204,10000
0.24252171688529872,0.09247260070351669,0.3491286072435902,0.8184421437372795,0.6910000000000001,9.813999999999997,0.33783391204132596,6.0,467.6,0.8639652677279305,10000
0.11203828658477347,0.07563095552198508,0.2512252126205716,0.45910726893816567,0.647,12.591999999999997,0.35769021255834643,10.4,564.6,0.6615146831530139,10000
0.2379506116768445,0.07577595297785757,0.4369671982592899,0.7289652074057182,0.705,11.968999999999998,0.34859433247284566,6.4,597.4,1.0269503546099292,10000
0.163086142066693,0.11054325918861434,0.3790979081213186,0.7112187451462405,0.576,8.386,0.3529574650179452,9.2,688.6,0.96875,10000
0.146619845683343,0.09580934316973594,0.27489950090222737,0.3318303537994867,0.629,9.233999999999998,0.3699544887203014,9.0,489.4,0.6248012718600954,10000
0.2520665114388644,0.09779570634596287,0.44450476284728363,0.7551930928967587,0.7020000000000001,9.496999999999998,0.35818014875641385,6.2,575.2,1.0327635327635327,10000
0.17189232641248572,0.10954858897799569,0.3441823682224094,0.5345492051007887,0.578,8.213999999999999,0.3835623049909741,8.8,578.6,0.986159169550173,10000
0.22458621210427201,0.10951508619430217,0.3999519776242651,0.7796600174427852,0.592,8.161999999999999,0.33659427047920903,6.8,564.2,1.0456081081081081,10000
0.25646533885859285,0.09205182226135737,0.3520629849678229,0.8533774248135472,0.717,10.018999999999997,0.3628764038468554,5.8,436.8,0.796373779637378,10000
0.28237504246319245,0.08746320194887296,0.36592560035060284,0.8829439280833796,0.74,11.017999999999999,0.36563226417035055,5.8,435.6,0.8567567567567568,10000
0.114153787645555,0.08362683753368737,0.25734468940997174,0.6826329799164366,0.5980000000000001,11.180000000000001,0.3317848431912592,10.8,554.8,0.6421404682274247,10000
0.1300917854709463,0.07811943291438037,0.19950015693517287,0.5554248281148282,0.651,11.354999999999997,0.388900896254841,9.0,389.6,0.5130568356374807,10000
0.1724405959360525,0.08535045865749376,0.23504400249506485,0.8220990299321836,0.6900000000000001,11.253,0.4307604976634999,7.6,359.6,0.6304347826086957,10000
0.1875645655635293,0.09637764872422384,0.3139388508357825,0.4066980916819386,0.6529999999999999,9.642999999999997,0.38248847212331405,7.6,471.2,0.7595712098009189,10000
0.2767358843040763,0.10546590198013306,0.4709410101863647,0.6921900013298972,0.6450000000000001,8.225999999999999,0.36085827024592276,6.8,594.6,1.085271317829457,10000
0.255753605242433,0.09008536976515885,0.3773909426188092,0.8304816241117607,0.736,10.067999999999998,0.35408073599904555,6.0,464.2,0.860054347826087,10000
0.19216421693710728,0.09839951329704041,0.30320899136487683,0.5382990836955829,0.674,9.040999999999997,0.39304687808079763,7.4,449.8,0.8531157270029673,10000
0.1643217619213891,0.058074306742135984,0.289194633647195,0.7240172553008418,0.7300000000000001,16.238999999999997,0.42293906893336963,8.8,497.2,0.6383561643835616,10000
0.15332301533373302,0.08391360172223893,0.37433151193890346,0.8225862108128156,0.602,10.505999999999997,0.33314484030387714,10.4,723.2,0.8571428571428572,10000
0.2535834034691166,0.08489719706221395,0.5029173210764597,0.7219810708023944,0.6910000000000001,10.690999999999999,0.366338980186322,7.8,718.8,1.12301013024602,10000
0.1296158956471404,0.1055590970050233,0.19630322889869653,0.8695616664827559,0.546,8.508,0.37476529747284787,10.2,377.2,0.521978021978022,10000
0.2284466084278131,0.13246277859216124,0.3435085408075856,0.8030412457163619,0.5800000000000001,6.506,0.36562373384450453,7.0,435.4,0.7913793103448274,10000
0.12292594792856633,0.07360785213454335,0.1937487455235238,0.7516014878858508,0.65,12.216,0.3356395501207858,10.2,392.2,0.4492307692307692,10000
0.17222887164498263,0.07284183093521611,0.4234487307336724,0.7575711741380522,0.6759999999999999,12.959999999999999,0.35275885920572525,9.2,756.6,0.9911242603550297,10000
0.25731354066832746,0.11962240307996637,0.5140839814074399,0.8752111279214084,0.607,6.8740000000000006,0.3235160441633679,7.6,648.2,1.1252059308072488,10000
0.1335490918906918,0.10211687385464992,0.2079234617515999,0.830590756982386,0.541,8.522,0.3443106043842272,9.4,389.6,0.5674676524953789,10000
0.273368135736614,0.09947843064619519,0.40598824744699374,0.8099667720751725,0.721,9.631999999999998,0.34836914973393346,6.0,509.6,0.9375866851595007,10000
0.13222705655892447,0.11024966129924259,0.23117807201579366,0.6444878976367058,0.569,7.715999999999999,0.37340931381043385,8.6,427.6,0.6590509666080845,10000
0.18357492816896787,0.07112195919037045,0.4156391175592751,0.5796807998289841,0.719,13.306999999999999,0.3708259581444318,8.8,692.8,0.878998609179416,10000
0.1397722802469501,0.06829747226508126,0.2509286500190636,0.5275991173729899,0.704,13.678999999999997,0.3938859036994397,9.8,458.4,0.5923295454545455,10000
0.2529151771610457,0.06273531858811467,0.37914334225919194,0.8304264303680142,0.774,14.901999999999997,0.3896026614320022,6.6,490.2,0.7997416020671834,10000
0.2727540415260212,0.10235907553542792,0.4824037122231104,0.7936213526422808,0.6970000000000001,8.973999999999998,0.36833316089118545,6.4,632.0,1.1190817790530847,10000
0.14908946722030303,0.08805858485047689,0.1783223273795157,0.835496657638793,0.6519999999999999,10.296000000000001,0.40627622663840235,8.2,310.0,0.5046012269938651,10000
0.21006935010784686,0.07359934169293417,0.38735205121067895,0.6651084670383334,0.7420000000000001,13.738999999999999,0.3861025429028427,6.8,571.8,0.8746630727762802,10000
0.20525877863154493,0.10776242242114897,0.25314843313346364,0.8295120602820755,0.639,8.540000000000001,0.4132979418845418,6.8,378.2,0.7480438184663537,10000
0.22763898073641392,0.07431636899657748,0.4432423504955158,0.6413909312827856,0.7170000000000001,12.117999999999999,0.38076108271708653,7.0,640.4,1.0069735006973501,10000
0.2311829436964525,0.11715209196673639,0.4760933096906923,0.8638378182312318,0.6100000000000001,7.601999999999999,0.34505189618124815,6.8,648.2,1.159016393442623,10000
0.25907296674081615,0.09205631317968808,0.4575299473961937,0.705109624883855,0.717,10.193,0.3589967141506581,6.6,573.8,1.0850767085076707,10000
0.1777707971931531,0.06154076673527519,0.36898070856543524,0.6032659536774224,0.744,15.191999999999997,0.3893709534888251,7.8,585.6,0.8091397849462365,10000
0.22878282543442385,0.07539017347929022,0.41715530236569925,0.7085734988011407,0.7350000000000001,13.002999999999997,0.3597376166618172,6.6,577.2,0.9986394557823128,10000
0.21204430388883902,0.08607913782654635,0.3833208552759588,0.3549932231283881,0.6759999999999999,10.506999999999998,0.3837852628053133,7.8,578.2,0.9511834319526628,10000
0.27233091480352467,0.12541659066630728,0.4952394851573563,0.7544772841023949,0.6119999999999999,7.379,0.3569269023732007,7.6,660.0,1.127450980392157,10000
0.16195790746595307,0.06969648495453251,0.3446410748818285,0.37421355609736257,0.717,13.353,0.37702044566640464,9.0,604.2,0.7433751743375173,10000
0.12978706301319448,0.08985042482670487,0.2911599363193834,0.4998469366043793,0.5979999999999999,10.280999999999997,0.3507334991734671,10.2,565.0,0.7207357859531774,10000
0.28403954740575243,0.08586002384657114,0.40034576630416113,0.8937996635459265,0.732,10.918999999999999,0.38809229770470466,5.6,465.0,0.9193989071038251,10000
0.20085353339720932,0.1014955205975156,0.29377406115215987,0.7553860803279048,0.6609999999999999,8.833999999999998,0.3673071968778812,6.6,391.8,0.7307110438729199,10000
0.1934370509759692,0.12170591084574922,0.3928458119865451,0.8053511619464309,0.556,6.803,0.3479485064252673,7.6,616.6,1.0215827338129495,10000
